Workbook

Sheet Department_Reference
A1: Department Code | B1: Full Department Name | C1: Standard Base Cost ($) | D1: Department Manager
A2: CARD | B2: Cardiology | C2: 1800 | D2: R. Singh
A3: ER | B3: Emergency | C3: 850 | D3: T. Alvarez
A4: ORTH | B4: Orthopedics | C4: 1500 | D4: M. Chen
A5: PEDS | B5: Pediatrics | C5: 700 | D5: J. Okafor
A6: SURG | B6: General Surgery | C6: 3200 | D6: L. Romano

Sheet Daily_Staffing_Log
A1: Log Date | B1: Shift | C1: Shift Hours | D1: Staff on Duty | E1: Department Code
A2: 46023 | B2: Day | C2: 07:00-15:00 | D2: 6 | E2: ER
A3: 46023 | B3: Evening | C3: 15:00-23:00 | D3: 11 | E3: ER
A4: 46023 | B4: Night | C4: 23:00-07:00 | D4: 4 | E4: ER
A5: 46023 | B5: Day | C5: 07:00-15:00 | D5: 4 | E5: CARD
A6: 46023 | B6: Evening | C6: 15:00-23:00 | D6: 7 | E6: CARD
A7: 46023 | B7: Night | C7: 23:00-07:00 | D7: 1 | E7: CARD
A8: 46023 | B8: Day | C8: 07:00-15:00 | D8: 6 | E8: ORTH
A9: 46023 | B9: Evening | C9: 15:00-23:00 | D9: 7 | E9: ORTH
A10: 46023 | B10: Night | C10: 23:00-07:00 | D10: 1 | E10: ORTH
A11: 46023 | B11: Day | C11: 07:00-15:00 | D11: 8 | E11: PEDS
A12: 46023 | B12: Evening | C12: 15:00-23:00 | D12: 4 | E12: PEDS
A13: 46023 | B13: Night | C13: 23:00-07:00 | D13: 1 | E13: PEDS
... A1351: 46112 | B1351: Night | C1351: 23:00-07:00 | D1351: 4 | E1351: SURG

Sheet Patient_Satisfaction_Data
A1: Visit ID | B1: Visit Date | C1: Arrival Time | D1: Department Code | E1: Department Full Name | F1: Patient Name | G1: Age | H1: Gender | I1: Insurance | J1: Wait Time (min) | K1: Treatment Time (min) | L1: Satisfaction (1-5) | M1: Readmitted 30d | N1: Charge Amount | O1: Shift Type | P1: Staff on Duty
A2: 1001 | B2: 46023 | C2: 0.23055556 | D2: SURG | E2: General Surgery | F2: Patient 1001 | G2: 40 | H2: MALE | I2: Private | J2: 50 | K2: 83 | L2: 3.6 | M2: No | N2: 3390.98 | O2: =IF(EHR_Export[[#This Row],[Arrival Time]]<=TIME(7,0,0), "Night", IF(EHR_Export[[#This Row],[Arrival Time]]<TIME(15,0,0), "Day", "Evening")) -> Night | P2: {=_xlfn.XLOOKUP(1,(Daily_Staffing_Log[Log Date]=EHR_Export[[#This Row],[Visit Date]])*(Daily_Staffing_Log[Department Code]=EHR_Export[[#This Row],[Department Code]])*(Daily_Staffing_Log[Shift]=EHR_Export[[#This Row],[Shift Type]]),Daily_Staffing_Log[Staff on Duty],"Unknown")} -> 4
A3: 1006 | B3: 46023 | C3: 0.37986111 | D3: SURG | E3: General Surgery | F3: Patient 1006 | G3: 23 | H3: FEMALE | I3: Medicaid | J3: 55 | K3: 79 | L3: 3.5 | M3: No | N3: 3996.59 | O3: =IF(EHR_Export[[#This Row],[Arrival Time]]<=TIME(7,0,0), "Night", IF(EHR_Export[[#This Row],[Arrival Time]]<TIME(15,0,0), "Day", "Evening")) -> Day | P3: {=_xlfn.XLOOKUP(1,(Daily_Staffing_Log[Log Date]=EHR_Export[[#This Row],[Visit Date]])*(Daily_Staffing_Log[Department Code]=EHR_Export[[#This Row],[Department Code]])*(Daily_Staffing_Log[Shift]=EHR_Export[[#This Row],[Shift Type]]),Daily_Staffing_Log[Staff on Duty],"Unknown")} -> 7
A4: 1004 | B4: 46023 | C4: 0.92152778 | D4: CARD | E4: Cardiology | F4: Patient 1004 | G4: 36 | H4: MALE | I4: Private | J4: 29 | K4: 78 | M4: No | N4: 2343.67 | O4: =IF(EHR_Export[[#This Row],[Arrival Time]]<=TIME(7,0,0), "Night", IF(EHR_Export[[#This Row],[Arrival Time]]<TIME(15,0,0), "Day", "Evening")) -> Evening | P4: {=_xlfn.XLOOKUP(1,(Daily_Staffing_Log[Log Date]=EHR_Export[[#This Row],[Visit Date]])*(Daily_Staffing_Log[Department Code]=EHR_Export[[#This Row],[Department Code]])*(Daily_Staffing_Log[Shift]=EHR_Export[[#This Row],[Shift Type]]),Daily_Staffing_Log[Staff on Duty],"Unknown")} -> 7
A5: 1005 | B5: 46023 | C5: 0.80347222 | D5: PEDS | E5: Pediatrics | F5: Patient 1005 | G5: 35 | H5: FEMALE | I5: Private | J5: 23 | K5: 69 | L5: 4.3 | M5: No | N5: 620.4 | O5: =IF(EHR_Export[[#This Row],[Arrival Time]]<=TIME(7,0,0), "Night", IF(EHR_Export[[#This Row],[Arrival Time]]<TIME(15,0,0), "Day", "Evening")) -> Evening | P5: {=_xlfn.XLOOKUP(1,(Daily_Staffing_Log[Log Date]=EHR_Export[[#This Row],[Visit Date]])*(Daily_Staffing_Log[Department Code]=EHR_Export[[#This Row],[Department Code]])*(Daily_Staffing_Log[Shift]=EHR_Export[[#This Row],[Shift Type]]),Daily_Staffing_Log[Staff on Duty],"Unknown")} -> 4
A6: 1007 | B6: 46023 | C6: 0.725 | D6: CARD | E6: Cardiology | F6: Patient 1007 | G6: 63 | H6: FEMALE | I6: Medicaid | J6: 21 | K6: 46 | L6: 4.4 | M6: No | O6: =IF(EHR_Export[[#This Row],[Arrival Time]]<=TIME(7,0,0), "Night", IF(EHR_Export[[#This Row],[Arrival Time]]<TIME(15,0,0), "Day", "Evening")) -> Evening | P6: {=_xlfn.XLOOKUP(1,(Daily_Staffing_Log[Log Date]=EHR_Export[[#This Row],[Visit Date]])*(Daily_Staffing_Log[Department Code]=EHR_Export[[#This Row],[Department Code]])*(Daily_Staffing_Log[Shift]=EHR_Export[[#This Row],[Shift Type]]),Daily_Staffing_Log[Staff on Duty],"Unknown")} -> 7
A7: 1002 | B7: 46023 | C7: 0.91805556 | D7: ORTH | E7: Orthopedics | F7: Patient 1002 | G7: 34 | H7: FEMALE | I7: Private | J7: 74 | K7: 47 | L7: 2.8 | M7: No | N7: 2144.07 | O7: =IF(EHR_Export[[#This Row],[Arrival Time]]<=TIME(7,0,0), "Night", IF(EHR_Export[[#This Row],[Arrival Time]]<TIME(15,0,0), "Day", "Evening")) -> Evening | P7: {=_xlfn.XLOOKUP(1,(Daily_Staffing_Log[Log Date]=EHR_Export[[#This Row],[Visit Date]])*(Daily_Staffing_Log[Department Code]=EHR_Export[[#This Row],[Department Code]])*(Daily_Staffing_Log[Shift]=EHR_Export[[#This Row],[Shift Type]]),Daily_Staffing_Log[Staff on Duty],"Unknown")} -> 7
A8: 1003 | B8: 46023 | C8: 0.61736111 | D8: ER | E8: Emergency | F8: Patient 1003 | G8: 38 | H8: FEMALE | I8: Medicare | J8: 26 | K8: 56 | L8: 3.6 | M8: No | N8: 866.36 | O8: =IF(EHR_Export[[#This Row],[Arrival Time]]<=TIME(7,0,0), "Night", IF(EHR_Export[[#This Row],[Arrival Time]]<TIME(15,0,0), "Day", "Evening")) -> Day | P8: {=_xlfn.XLOOKUP(1,(Daily_Staffing_Log[Log Date]=EHR_Export[[#This Row],[Visit Date]])*(Daily_Staffing_Log[Department Code]=EHR_Export[[#This Row],[Department Code]])*(Daily_Staffing_Log[Shift]=EHR_Export[[#This Row],[Shift Type]]),Daily_Staffing_Log[Staff on Duty],"Unknown")} -> 6
A9: 1011 | B9: 46024 | C9: 0.32916667 | D9: ER | E9: Emergency | F9: Patient 1011 | G9: 76 | H9: FEMALE | I9: Medicaid | J9: 32 | K9: 55 | L9: 3.5 | M9: No | N9: 547.75 | O9: =IF(EHR_Export[[#This Row],[Arrival Time]]<=TIME(7,0,0), "Night", IF(EHR_Export[[#This Row],[Arrival Time]]<TIME(15,0,0), "Day", "Evening")) -> Day | P9: {=_xlfn.XLOOKUP(1,(Daily_Staffing_Log[Log Date]=EHR_Export[[#This Row],[Visit Date]])*(Daily_Staffing_Log[Department Code]=EHR_Export[[#This Row],[Department Code]])*(Daily_Staffing_Log[Shift]=EHR_Export[[#This Row],[Shift Type]]),Daily_Staffing_Log[Staff on Duty],"Unknown")} -> 6
A10: 1015 | B10: 46024 | C10: 0.88125 | D10: ER | E10: Emergency | F10: Patient 1015 | G10: 49 | H10: FEMALE | I10: Medicare | J10: 55 | K10: 49 | L10: 2.6 | M10: No | N10: 1249.89 | O10: =IF(EHR_Export[[#This Row],[Arrival Time]]<=TIME(7,0,0), "Night", IF(EHR_Export[[#This Row],[Arrival Time]]<TIME(15,0,0), "Day", "Evening")) -> Evening | P10: {=_xlfn.XLOOKUP(1,(Daily_Staffing_Log[Log Date]=EHR_Export[[#This Row],[Visit Date]])*(Daily_Staffing_Log[Department Code]=EHR_Export[[#This Row],[Department Code]])*(Daily_Staffing_Log[Shift]=EHR_Export[[#This Row],[Shift Type]]),Daily_Staffing_Log[Staff on Duty],"Unknown")} -> 8
A11: 1012 | B11: 46024 | C11: 0.75833333 | D11: PEDS | E11: Pediatrics | F11: Patient 1012 | G11: 44 | H11: FEMALE | I11: Medicare | J11: 45 | K11: 40 | L11: 3.5 | M11: No | N11: 833.24 | O11: =IF(EHR_Export[[#This Row],[Arrival Time]]<=TIME(7,0,0), "Night", IF(EHR_Export[[#This Row],[Arrival Time]]<TIME(15,0,0), "Day", "Evening")) -> Evening | P11: {=_xlfn.XLOOKUP(1,(Daily_Staffing_Log[Log Date]=EHR_Export[[#This Row],[Visit Date]])*(Daily_Staffing_Log[Department Code]=EHR_Export[[#This Row],[Department Code]])*(Daily_Staffing_Log[Shift]=EHR_Export[[#This Row],[Shift Type]]),Daily_Staffing_Log[Staff on Duty],"Unknown")} -> 7
A12: 1013 | B12: 46024 | C12: 0.38402778 | D12: SURG | E12: General Surgery | F12: Patient 1013 | G12: 65 | H12: FEMALE | I12: Uninsured | J12: 51 | K12: 121 | L12: 2.9 | M12: No | N12: 3303.34 | O12: =IF(EHR_Export[[#This Row],[Arrival Time]]<=TIME(7,0,0), "Night", IF(EHR_Export[[#This Row],[Arrival Time]]<TIME(15,0,0), "Day", "Evening")) -> Day | P12: {=_xlfn.XLOOKUP(1,(Daily_Staffing_Log[Log Date]=EHR_Export[[#This Row],[Visit Date]])*(Daily_Staffing_Log[Department Code]=EHR_Export[[#This Row],[Department Code]])*(Daily_Staffing_Log[Shift]=EHR_Export[[#This Row],[Shift Type]]),Daily_Staffing_Log[Staff on Duty],"Unknown")} -> 10
A13: 1009 | B13: 46024 | C13: 0.20833333 | D13: CARD | E13: Cardiology | F13: Patient 1009 | G13: 58 | H13: MALE | I13: Private | J13: 39 | K13: 66 | M13: No | N13: 1345.12 | O13: =IF(EHR_Export[[#This Row],[Arrival Time]]<=TIME(7,0,0), "Night", IF(EHR_Export[[#This Row],[Arrival Time]]<TIME(15,0,0), "Day", "Evening")) -> Night | P13: {=_xlfn.XLOOKUP(1,(Daily_Staffing_Log[Log Date]=EHR_Export[[#This Row],[Visit Date]])*(Daily_Staffing_Log[Department Code]=EHR_Export[[#This Row],[Department Code]])*(Daily_Staffing_Log[Shift]=EHR_Export[[#This Row],[Shift Type]]),Daily_Staffing_Log[Staff on Duty],"Unknown")} -> 5
A14: 1008 | B14: 46024 | C14: 0.61041667 | D14: CARD | E14: Cardiology | F14: Patient 1008 | G14: 35 | H14: FEMALE | I14: Medicaid | J14: 60 | K14: 10 | L14: 3.1 | M14: No | N14: 1277.9 | O14: =IF(EHR_Export[[#This Row],[Arrival Time]]<=TIME(7,0,0), "Night", IF(EHR_Export[[#This Row],[Arrival Time]]<TIME(15,0,0), "Day", "Evening")) -> Day | P14: {=_xlfn.XLOOKUP(1,(Daily_Staffing_Log[Log Date]=EHR_Export[[#This Row],[Visit Date]])*(Daily_Staffing_Log[Department Code]=EHR_Export[[#This Row],[Department Code]])*(Daily_Staffing_Log[Shift]=EHR_Export[[#This Row],[Shift Type]]),Daily_Staffing_Log[Staff on Duty],"Unknown")} -> 7
A15: 1010 | B15: 46024 | C15: 0.55486111 | D15: ORTH | E15: Orthopedics | F15: Patient 1010 | G15: 66 | H15: FEMALE | I15: Uninsured | J15: 49 | K15: 10 | L15: 2.7 | M15: No | N15: 1577.08 | O15: =IF(EHR_Export[[#This Row],[Arrival Time]]<=TIME(7,0,0), "Night", IF(EHR_Export[[#This Row],[Arrival Time]]<TIME(15,0,0), "Day", "Evening")) -> Day | P15: {=_xlfn.XLOOKUP(1,(Daily_Staffing_Log[Log Date]=EHR_Export[[#This Row],[Visit Date]])*(Daily_Staffing_Log[Department Code]=EHR_Export[[#This Row],[Department Code]])*(Daily_Staffing_Log[Shift]=EHR_Export[[#This Row],[Shift Type]]),Daily_Staffing_Log[Staff on Duty],"Unknown")} -> 4
A16: 1014 | B16: 46024 | C16: 0.76458333 | D16: SURG | E16: General Surgery | F16: Patient 1014 | G16: 36 | H16: FEMALE | I16: Uninsured | J16: 91 | K16: 86 | L16: 1.8 | M16: No | N16: 4325.31 | O16: =IF(EHR_Export[[#This Row],[Arrival Time]]<=TIME(7,0,0), "Night", IF(EHR_Export[[#This Row],[Arrival Time]]<TIME(15,0,0), "Day", "Evening")) -> Evening | P16: {=_xlfn.XLOOKUP(1,(Daily_Staffing_Log[Log Date]=EHR_Export[[#This Row],[Visit Date]])*(Daily_Staffing_Log[Department Code]=EHR_Export[[#This Row],[Department Code]])*(Daily_Staffing_Log[Shift]=EHR_Export[[#This Row],[Shift Type]]),Daily_Staffing_Log[Staff on Duty],"Unknown")} -> 4
A17: 1019 | B17: 46025 | C17: 0.84166667 | D17: CARD | E17: Cardiology | F17: Patient 1019 | G17: 28 | H17: MALE | I17: Private | J17: 60 | K17: 55 | M17: No | N17: 2400.16 | O17: =IF(EHR_Export[[#This Row],[Arrival Time]]<=TIME(7,0,0), "Night", IF(EHR_Export[[#This Row],[Arrival Time]]<TIME(15,0,0), "Day", "Evening")) -> Evening | P17: {=_xlfn.XLOOKUP(1,(Daily_Staffing_Log[Log Date]=EHR_Export[[#This Row],[Visit Date]])*(Daily_Staffing_Log[Department Code]=EHR_Export[[#This Row],[Department Code]])*(Daily_Staffing_Log[Shift]=EHR_Export[[#This Row],[Shift Type]]),Daily_Staffing_Log[Staff on Duty],"Unknown")} -> 3
A18: 1020 | B18: 46025 | C18: 0.51111111 | D18: SURG | E18: General Surgery | F18: Patient 1020 | G18: 59 | H18: FEMALE | I18: Medicare | J18: 75 | K18: 138 | L18: 2.6 | M18: No | N18: 3751.67 | O18: =IF(EHR_Export[[#This Row],[Arrival Time]]<=TIME(7,0,0), "Night", IF(EHR_Export[[#This Row],[Arrival Time]]<TIME(15,0,0), "Day", "Evening")) -> Day | P18: {=_xlfn.XLOOKUP(1,(Daily_Staffing_Log[Log Date]=EHR_Export[[#This Row],[Visit Date]])*(Daily_Staffing_Log[Department Code]=EHR_Export[[#This Row],[Department Code]])*(Daily_Staffing_Log[Shift]=EHR_Export[[#This Row],[Shift Type]]),Daily_Staffing_Log[Staff on Duty],"Unknown")} -> 10
A19: 1024 | B19: 46025 | C19: 0.71319444 | D19: SURG | E19: General Surgery | F19: Patient 1024 | G19: 50 | H19: MALE | I19: Private | J19: 110 | K19: 132 | L19: 2.1 | M19: No | N19: 2487.93 | O19: =IF(EHR_Export[[#This Row],[Arrival Time]]<=TIME(7,0,0), "Night", IF(EHR_Export[[#This Row],[Arrival Time]]<TIME(15,0,0), "Day", "Evening")) -> Evening | P19: {=_xlfn.XLOOKUP(1,(Daily_Staffing_Log[Log Date]=EHR_Export[[#This Row],[Visit Date]])*(Daily_Staffing_Log[Department Code]=EHR_Export[[#This Row],[Department Code]])*(Daily_Staffing_Log[Shift]=EHR_Export[[#This Row],[Shift Type]]),Daily_Staffing_Log[Staff on Duty],"Unknown")} -> 7
A20: 1017 | B20: 46025 | C20: 0.375 | D20: PEDS | E20: Pediatrics | F20: Patient 1017 | G20: 18 | H20: FEMALE | I20: Medicaid | J20: 33 | K20: 10 | L20: 4 | M20: No | N20: 478.65 | O20: =IF(EHR_Export[[#This Row],[Arrival Time]]<=TIME(7,0,0), "Night", IF(EHR_Export[[#This Row],[Arrival Time]]<TIME(15,0,0), "Day", "Evening")) -> Day | P20: {=_xlfn.XLOOKUP(1,(Daily_Staffing_Log[Log Date]=EHR_Export[[#This Row],[Visit Date]])*(Daily_Staffing_Log[Department Code]=EHR_Export[[#This Row],[Department Code]])*(Daily_Staffing_Log[Shift]=EHR_Export[[#This Row],[Shift Type]]),Daily_Staffing_Log[Staff on Duty],"Unknown")} -> 7
A21: 1028 | B21: 46025 | C21: 0.26180556 | D21: ER | E21: Emergency | F21: Patient 1028 | G21: 40 | H21: MALE | I21: Uninsured | J21: 57 | K21: 31 | L21: 3.6 | M21: No | N21: 741.91 | O21: =IF(EHR_Export[[#This Row],[Arrival Time]]<=TIME(7,0,0), "Night", IF(EHR_Export[[#This Row],[Arrival Time]]<TIME(15,0,0), "Day", "Evening")) -> Night | P21: {=_xlfn.XLOOKUP(1,(Daily_Staffing_Log[Log Date]=EHR_Export[[#This Row],[Visit Date]])*(Daily_Staffing_Log[Department Code]=EHR_Export[[#This Row],[Department Code]])*(Daily_Staffing_Log[Shift]=EHR_Export[[#This Row],[Shift Type]]),Daily_Staffing_Log[Staff on Duty],"Unknown")} -> 5
A22: 1027 | B22: 46025 | C22: 0.47847222 | D22: ER | E22: Emergency | F22: Patient 1027 | G22: 67 | H22: FEMALE | I22: Medicare | J22: 40 | K22: 25 | L22: 3.9 | M22: No | N22: 697.8 | O22: =IF(EHR_Export[[#This Row],[Arrival Time]]<=TIME(7,0,0), "Night", IF(EHR_Export[[#This Row],[Arrival Time]]<TIME(15,0,0), "Day", "Evening")) -> Day | P22: {=_xlfn.XLOOKUP(1,(Daily_Staffing_Log[Log Date]=EHR_Export[[#This Row],[Visit Date]])*(Daily_Staffing_Log[Department Code]=EHR_Export[[#This Row],[Department Code]])*(Daily_Staffing_Log[Shift]=EHR_Export[[#This Row],[Shift Type]]),Daily_Staffing_Log[Staff on Duty],"Unknown")} -> 8
A23: 1029 | B23: 46025 | C23: 0.77638889 | D23: ORTH | E23: Orthopedics | F23: Patient 1029 | G23: 21 | H23: FEMALE | I23: Medicare | J23: 78 | K23: 35 | L23: 2.4 | M23: No | N23: 1929.89 | O23: =IF(EHR_Export[[#This Row],[Arrival Time]]<=TIME(7,0,0), "Night", IF(EHR_Export[[#This Row],[Arrival Time]]<TIME(15,0,0), "Day", "Evening")) -> Evening | P23: {=_xlfn.XLOOKUP(1,(Daily_Staffing_Log[Log Date]=EHR_Export[[#This Row],[Visit Date]])*(Daily_Staffing_Log[Department Code]=EHR_Export[[#This Row],[Department Code]])*(Daily_Staffing_Log[Shift]=EHR_Export[[#This Row],[Shift Type]]),Daily_Staffing_Log[Staff on Duty],"Unknown")} -> 6
A24: 1025 | B24: 46025 | C24: 0.93888889 | D24: ER | E24: Emergency | F24: Patient 1025 | G24: 51 | H24: MALE | I24: Private | J24: 78 | K24: 12 | L24: 3.4 | M24: No | N24: 423.08 | O24: =IF(EHR_Export[[#This Row],[Arrival Time]]<=TIME(7,0,0), "Night", IF(EHR_Export[[#This Row],[Arrival Time]]<TIME(15,0,0), "Day", "Evening")) -> Evening | P24: {=_xlfn.XLOOKUP(1,(Daily_Staffing_Log[Log Date]=EHR_Export[[#This Row],[Visit Date]])*(Daily_Staffing_Log[Department Code]=EHR_Export[[#This Row],[Department Code]])*(Daily_Staffing_Log[Shift]=EHR_Export[[#This Row],[Shift Type]]),Daily_Staffing_Log[Staff on Duty],"Unknown")} -> 8
A25: 1022 | B25: 46025 | C25: 0.84097222 | D25: SURG | E25: General Surgery | F25: Patient 1022 | G25: 70 | H25: MALE | I25: Private | J25: 108 | K25: 54 | L25: 2 | M25: No | N25: 1472.45 | O25: =IF(EHR_Export[[#This Row],[Arrival Time]]<=TIME(7,0,0), "Night", IF(EHR_Export[[#This Row],[Arrival Time]]<TIME(15,0,0), "Day", "Evening")) -> Evening | P25: {=_xlfn.XLOOKUP(1,(Daily_Staffing_Log[Log Date]=EHR_Export[[#This Row],[Visit Date]])*(Daily_Staffing_Log[Department Code]=EHR_Export[[#This Row],[Department Code]])*(Daily_Staffing_Log[Shift]=EHR_Export[[#This Row],[Shift Type]]),Daily_Staffing_Log[Staff on Duty],"Unknown")} -> 7
A26: 1026 | B26: 46025 | C26: 0.82291667 | D26: ER | E26: Emergency | F26: Patient 1026 | G26: 31 | H26: MALE | I26: Medicare | J26: 75 | K26: 45 | L26: 3.3 | M26: No | N26: 909.27 | O26: =IF(EHR_Export[[#This Row],[Arrival Time]]<=TIME(7,0,0), "Night", IF(EHR_Export[[#This Row],[Arrival Time]]<TIME(15,0,0), "Day", "Evening")) -> Evening | P26: {=_xlfn.XLOOKUP(1,(Daily_Staffing_Log[Log Date]=EHR_Export[[#This Row],[Visit Date]])*(Daily_Staffing_Log[Department Code]=EHR_Export[[#This Row],[Department Code]])*(Daily_Staffing_Log[Shift]=EHR_Export[[#This Row],[Shift Type]]),Daily_Staffing_Log[Staff on Duty],"Unknown")} -> 8
A27: 1016 | B27: 46025 | C27: 0.76388889 | D27: ER | E27: Emergency | F27: Patient 1016 | G27: 94 | H27: MALE | I27: Medicare | J27: 81 | K27: 33 | L27: 3 | M27: No | N27: 397.15 | O27: =IF(EHR_Export[[#This Row],[Arrival Time]]<=TIME(7,0,0), "Night", IF(EHR_Export[[#This Row],[Arrival Time]]<TIME(15,0,0), "Day", "Evening")) -> Evening | P27: {=_xlfn.XLOOKUP(1,(Daily_Staffing_Log[Log Date]=EHR_Export[[#This Row],[Visit Date]])*(Daily_Staffing_Log[Department Code]=EHR_Export[[#This Row],[Department Code]])*(Daily_Staffing_Log[Shift]=EHR_Export[[#This Row],[Shift Type]]),Daily_Staffing_Log[Staff on Duty],"Unknown")} -> 8
A28: 1023 | B28: 46025 | C28: 0.41736111 | D28: CARD | E28: Cardiology | F28: Patient 1023 | G28: 51 | H28: FEMALE | I28: Private | J28: 46 | K28: 74 | M28: Yes | N28: 1407.57 | O28: =IF(EHR_Export[[#This Row],[Arrival Time]]<=TIME(7,0,0), "Night", IF(EHR_Export[[#This Row],[Arrival Time]]<TIME(15,0,0), "Day", "Evening")) -> Day | P28: {=_xlfn.XLOOKUP(1,(Daily_Staffing_Log[Log Date]=EHR_Export[[#This Row],[Visit Date]])*(Daily_Staffing_Log[Department Code]=EHR_Export[[#This Row],[Department Code]])*(Daily_Staffing_Log[Shift]=EHR_Export[[#This Row],[Shift Type]]),Daily_Staffing_Log[Staff on Duty],"Unknown")} -> 6
A29: 1021 | B29: 46025 | C29: 0.10763889 | D29: CARD | E29: Cardiology | F29: Patient 1021 | G29: 37 | H29: FEMALE | I29: Medicaid | J29: 52 | K29: 57 | L29: 3.6 | M29: No | N29: 3000.01 | O29: =IF(EHR_Export[[#This Row],[Arrival Time]]<=TIME(7,0,0), "Night", IF(EHR_Export[[#This Row],[Arrival Time]]<TIME(15,0,0), "Day", "Evening")) -> Night | P29: {=_xlfn.XLOOKUP(1,(Daily_Staffing_Log[Log Date]=EHR_Export[[#This Row],[Visit Date]])*(Daily_Staffing_Log[Department Code]=EHR_Export[[#This Row],[Department Code]])*(Daily_Staffing_Log[Shift]=EHR_Export[[#This Row],[Shift Type]]),Daily_Staffing_Log[Staff on Duty],"Unknown")} -> 4
A30: 1018 | B30: 46025 | C30: 0.17083333 | D30: ER | E30: Emergency | F30: Patient 1018 | G30: 41 | H30: FEMALE | I30: Medicaid | J30: 58 | K30: 10 | L30: 2.7 | M30: No | N30: 952.15 | O30: =IF(EHR_Export[[#This Row],[Arrival Time]]<=TIME(7,0,0), "Night", IF(EHR_Export[[#This Row],[Arrival Time]]<TIME(15,0,0), "Day", "Evening")) -> Night | P30: {=_xlfn.XLOOKUP(1,(Daily_Staffing_Log[Log Date]=EHR_Export[[#This Row],[Visit Date]])*(Daily_Staffing_Log[Department Code]=EHR_Export[[#This Row],[Department Code]])*(Daily_Staffing_Log[Shift]=EHR_Export[[#This Row],[Shift Type]]),Daily_Staffing_Log[Staff on Duty],"Unknown")} -> 5
A31: 1037 | B31: 46026 | C31: 0.32847222 | D31: SURG | E31: General Surgery | F31: Patient 1037 | G31: 30 | H31: MALE | I31: Medicaid | J31: 80 | K31: 121 | L31: 4.4 | M31: No | N31: 3403.65 | O31: =IF(EHR_Export[[#This Row],[Arrival Time]]<=TIME(7,0,0), "Night", IF(EHR_Export[[#This Row],[Arrival Time]]<TIME(15,0,0), "Day", "Evening")) -> Day | P31: {=_xlfn.XLOOKUP(1,(Daily_Staffing_Log[Log Date]=EHR_Export[[#This Row],[Visit Date]])*(Daily_Staffing_Log[Department Code]=EHR_Export[[#This Row],[Department Code]])*(Daily_Staffing_Log[Shift]=EHR_Export[[#This Row],[Shift Type]]),Daily_Staffing_Log[Staff on Duty],"Unknown")} -> 10
A32: 1038 | B32: 46026 | C32: 0.37847222 | D32: ER | E32: Emergency | F32: Patient 1038 | G32: 6 | H32: MALE | I32: Private | J32: 38 | K32: 54 | L32: 4.5 | M32: No | N32: 1177.96 | O32: =IF(EHR_Export[[#This Row],[Arrival Time]]<=TIME(7,0,0), "Night", IF(EHR_Export[[#This Row],[Arrival Time]]<TIME(15,0,0), "Day", "Evening")) -> Day | P32: {=_xlfn.XLOOKUP(1,(Daily_Staffing_Log[Log Date]=EHR_Export[[#This Row],[Visit Date]])*(Daily_Staffing_Log[Department Code]=EHR_Export[[#This Row],[Department Code]])*(Daily_Staffing_Log[Shift]=EHR_Export[[#This Row],[Shift Type]]),Daily_Staffing_Log[Staff on Duty],"Unknown")} -> 4
A33: 1032 | B33: 46026 | C33: 0.75972222 | D33: CARD | E33: Cardiology | F33: Patient 1032 | G33: 59 | H33: FEMALE | I33: Medicare | J33: 48 | K33: 55 | L33: 3.2 | M33: No | N33: 1097.63 | O33: =IF(EHR_Export[[#This Row],[Arrival Time]]<=TIME(7,0,0), "Night", IF(EHR_Export[[#This Row],[Arrival Time]]<TIME(15,0,0), "Day", "Evening")) -> Evening | P33: {=_xlfn.XLOOKUP(1,(Daily_Staffing_Log[Log Date]=EHR_Export[[#This Row],[Visit Date]])*(Daily_Staffing_Log[Department Code]=EHR_Export[[#This Row],[Department Code]])*(Daily_Staffing_Log[Shift]=EHR_Export[[#This Row],[Shift Type]]),Daily_Staffing_Log[Staff on Duty],"Unknown")} -> 2
A34: 1033 | B34: 46026 | C34: 0.56319444 | D34: ER | E34: Emergency | F34: Patient 1033 | G34: 25 | H34: FEMALE | I34: Private | J34: 37 | K34: 51 | L34: 4 | M34: No | N34: 797.29 | O34: =IF(EHR_Export[[#This Row],[Arrival Time]]<=TIME(7,0,0), "Night", IF(EHR_Export[[#This Row],[Arrival Time]]<TIME(15,0,0), "Day", "Evening")) -> Day | P34: {=_xlfn.XLOOKUP(1,(Daily_Staffing_Log[Log Date]=EHR_Export[[#This Row],[Visit Date]])*(Daily_Staffing_Log[Department Code]=EHR_Export[[#This Row],[Department Code]])*(Daily_Staffing_Log[Shift]=EHR_Export[[#This Row],[Shift Type]]),Daily_Staffing_Log[Staff on Duty],"Unknown")} -> 4
A35: 1041 | B35: 46026 | C35: 0.47430556 | D35: CARD | E35: Cardiology | F35: Patient 1041 | G35: 44 | H35: MALE | I35: Uninsured | J35: 33 | K35: 10 | L35: 3.6 | M35: No | N35: 2153.38 | O35: =IF(EHR_Export[[#This Row],[Arrival Time]]<=TIME(7,0,0), "Night", IF(EHR_Export[[#This Row],[Arrival Time]]<TIME(15,0,0), "Day", "Evening")) -> Day | P35: {=_xlfn.XLOOKUP(1,(Daily_Staffing_Log[Log Date]=EHR_Export[[#This Row],[Visit Date]])*(Daily_Staffing_Log[Department Code]=EHR_Export[[#This Row],[Department Code]])*(Daily_Staffing_Log[Shift]=EHR_Export[[#This Row],[Shift Type]]),Daily_Staffing_Log[Staff on Duty],"Unknown")} -> 7
A36: 1031 | B36: 46026 | C36: 0.59375 | D36: ER | E36: Emergency | F36: Patient 1031 | G36: 27 | H36: MALE | I36: Medicare | J36: 67 | K36: 32 | L36: 3.4 | M36: No | N36: 1067.52 | O36: =IF(EHR_Export[[#This Row],[Arrival Time]]<=TIME(7,0,0), "Night", IF(EHR_Export[[#This Row],[Arrival Time]]<TIME(15,0,0), "Day", "Evening")) -> Day | P36: {=_xlfn.XLOOKUP(1,(Daily_Staffing_Log[Log Date]=EHR_Export[[#This Row],[Visit Date]])*(Daily_Staffing_Log[Department Code]=EHR_Export[[#This Row],[Department Code]])*(Daily_Staffing_Log[Shift]=EHR_Export[[#This Row],[Shift Type]]),Daily_Staffing_Log[Staff on Duty],"Unknown")} -> 4
A37: 1035 | B37: 46026 | C37: 0.46319444 | D37: ER | E37: Emergency | F37: Patient 1035 | G37: 43 | H37: FEMALE | I37: Private | J37: 70 | K37: 58 | M37: Yes | N37: 617.69 | O37: =IF(EHR_Export[[#This Row],[Arrival Time]]<=TIME(7,0,0), "Night", IF(EHR_Export[[#This Row],[Arrival Time]]<TIME(15,0,0), "Day", "Evening")) -> Day | P37: {=_xlfn.XLOOKUP(1,(Daily_Staffing_Log[Log Date]=EHR_Export[[#This Row],[Visit Date]])*(Daily_Staffing_Log[Department Code]=EHR_Export[[#This Row],[Department Code]])*(Daily_Staffing_Log[Shift]=EHR_Export[[#This Row],[Shift Type]]),Daily_Staffing_Log[Staff on Duty],"Unknown")} -> 4
A38: 1030 | B38: 46026 | C38: 0.82708333 | D38: ORTH | E38: Orthopedics | F38: Patient 1030 | G38: 77 | H38: MALE | I38: Private | J38: 60 | K38: 18 | L38: 3 | M38: Yes | N38: 973.93 | O38: =IF(EHR_Export[[#This Row],[Arrival Time]]<=TIME(7,0,0), "Night", IF(EHR_Export[[#This Row],[Arrival Time]]<TIME(15,0,0), "Day", "Evening")) -> Evening | P38: {=_xlfn.XLOOKUP(1,(Daily_Staffing_Log[Log Date]=EHR_Export[[#This Row],[Visit Date]])*(Daily_Staffing_Log[Department Code]=EHR_Export[[#This Row],[Department Code]])*(Daily_Staffing_Log[Shift]=EHR_Export[[#This Row],[Shift Type]]),Daily_Staffing_Log[Staff on Duty],"Unknown")} -> 5
A39: 1034 | B39: 46026 | C39: 0.10347222 | D39: SURG | E39: General Surgery | F39: Patient 1034 | G39: 69 | H39: MALE | I39: Uninsured | J39: 84 | K39: 85 | L39: 3 | M39: No | N39: 3745.29 | O39: =IF(EHR_Export[[#This Row],[Arrival Time]]<=TIME(7,0,0), "Night", IF(EHR_Export[[#This Row],[Arrival Time]]<TIME(15,0,0), "Day", "Evening")) -> Night | P39: {=_xlfn.XLOOKUP(1,(Daily_Staffing_Log[Log Date]=EHR_Export[[#This Row],[Visit Date]])*(Daily_Staffing_Log[Department Code]=EHR_Export[[#This Row],[Department Code]])*(Daily_Staffing_Log[Shift]=EHR_Export[[#This Row],[Shift Type]]),Daily_Staffing_Log[Staff on Duty],"Unknown")} -> 2
A40: 1036 | B40: 46026 | C40: 0.47222222 | D40: ER | E40: Emergency | F40: Patient 1036 | G40: 46 | H40: MALE | I40: Medicaid | J40: 81 | K40: 71 | L40: 2.8 | M40: No | N40: 404.72 | O40: =IF(EHR_Export[[#This Row],[Arrival Time]]<=TIME(7,0,0), "Night", IF(EHR_Export[[#This Row],[Arrival Time]]<TIME(15,0,0), "Day", "Evening")) -> Day | P40: {=_xlfn.XLOOKUP(1,(Daily_Staffing_Log[Log Date]=EHR_Export[[#This Row],[Visit Date]])*(Daily_Staffing_Log[Department Code]=EHR_Export[[#This Row],[Department Code]])*(Daily_Staffing_Log[Shift]=EHR_Export[[#This Row],[Shift Type]]),Daily_Staffing_Log[Staff on Duty],"Unknown")} -> 4
A41: 1039 | B41: 46026 | C41: 0.51041667 | D41: ER | E41: Emergency | F41: Patient 1039 | G41: 34 | H41: FEMALE | I41: Medicaid | J41: 66 | K41: 35 | L41: 3 | M41: No | N41: 461.6 | O41: =IF(EHR_Export[[#This Row],[Arrival Time]]<=TIME(7,0,0), "Night", IF(EHR_Export[[#This Row],[Arrival Time]]<TIME(15,0,0), "Day", "Evening")) -> Day | P41: {=_xlfn.XLOOKUP(1,(Daily_Staffing_Log[Log Date]=EHR_Export[[#This Row],[Visit Date]])*(Daily_Staffing_Log[Department Code]=EHR_Export[[#This Row],[Department Code]])*(Daily_Staffing_Log[Shift]=EHR_Export[[#This Row],[Shift Type]]),Daily_Staffing_Log[Staff on Duty],"Unknown")} -> 4
A42: 1035 | B42: 46026 | C42: 0.46319444 | D42: ER | E42: Emergency | F42: Patient 1035 | G42: 43 | H42: FEMALE | I42: Private | J42: 70 | K42: 58 | M42: Yes | N42: 617.69 | O42: =IF(EHR_Export[[#This Row],[Arrival Time]]<=TIME(7,0,0), "Night", IF(EHR_Export[[#This Row],[Arrival Time]]<TIME(15,0,0), "Day", "Evening")) -> Day | P42: {=_xlfn.XLOOKUP(1,(Daily_Staffing_Log[Log Date]=EHR_Export[[#This Row],[Visit Date]])*(Daily_Staffing_Log[Department Code]=EHR_Export[[#This Row],[Department Code]])*(Daily_Staffing_Log[Shift]=EHR_Export[[#This Row],[Shift Type]]),Daily_Staffing_Log[Staff on Duty],"Unknown")} -> 4
A43: 1040 | B43: 46026 | C43: 0.34166667 | D43: CARD | E43: Cardiology | F43: Patient 1040 | G43: 44 | H43: FEMALE | I43: Uninsured | J43: 40 | K43: 47 | L43: 3.7 | M43: No | N43: 2147.11 | O43: =IF(EHR_Export[[#This Row],[Arrival Time]]<=TIME(7,0,0), "Night", IF(EHR_Export[[#This Row],[Arrival Time]]<TIME(15,0,0), "Day", "Evening")) -> Day | P43: {=_xlfn.XLOOKUP(1,(Daily_Staffing_Log[Log Date]=EHR_Export[[#This Row],[Visit Date]])*(Daily_Staffing_Log[Department Code]=EHR_Export[[#This Row],[Department Code]])*(Daily_Staffing_Log[Shift]=EHR_Export[[#This Row],[Shift Type]]),Daily_Staffing_Log[Staff on Duty],"Unknown")} -> 7
A44: 1043 | B44: 46027 | C44: 0.7 | D44: PEDS | E44: Pediatrics | F44: Patient 1043 | G44: 60 | H44: FEMALE | I44: Medicare | J44: 57 | K44: 40 | L44: 3.4 | M44: No | N44: 969.59 | O44: =IF(EHR_Export[[#This Row],[Arrival Time]]<=TIME(7,0,0), "Night", IF(EHR_Export[[#This Row],[Arrival Time]]<TIME(15,0,0), "Day", "Evening")) -> Evening | P44: {=_xlfn.XLOOKUP(1,(Daily_Staffing_Log[Log Date]=EHR_Export[[#This Row],[Visit Date]])*(Daily_Staffing_Log[Department Code]=EHR_Export[[#This Row],[Department Code]])*(Daily_Staffing_Log[Shift]=EHR_Export[[#This Row],[Shift Type]]),Daily_Staffing_Log[Staff on Duty],"Unknown")} -> 5
A45: 1046 | B45: 46027 | C45: 0.0125 | D45: ORTH | E45: Orthopedics | F45: Patient 1046 | G45: 54 | H45: FEMALE | I45: Medicare | J45: 62 | K45: 36 | L45: 3.6 | M45: No | N45: 1254.19 | O45: =IF(EHR_Export[[#This Row],[Arrival Time]]<=TIME(7,0,0), "Night", IF(EHR_Export[[#This Row],[Arrival Time]]<TIME(15,0,0), "Day", "Evening")) -> Night | P45: {=_xlfn.XLOOKUP(1,(Daily_Staffing_Log[Log Date]=EHR_Export[[#This Row],[Visit Date]])*(Daily_Staffing_Log[Department Code]=EHR_Export[[#This Row],[Department Code]])*(Daily_Staffing_Log[Shift]=EHR_Export[[#This Row],[Shift Type]]),Daily_Staffing_Log[Staff on Duty],"Unknown")} -> 3
A46: 1048 | B46: 46027 | C46: 0.40347222 | D46: ER | E46: Emergency | F46: Patient 1048 | G46: 67 | H46: FEMALE | I46: Medicaid | J46: 37 | K46: 23 | L46: 3.4 | M46: Yes | N46: 985.85 | O46: =IF(EHR_Export[[#This Row],[Arrival Time]]<=TIME(7,0,0), "Night", IF(EHR_Export[[#This Row],[Arrival Time]]<TIME(15,0,0), "Day", "Evening")) -> Day | P46: {=_xlfn.XLOOKUP(1,(Daily_Staffing_Log[Log Date]=EHR_Export[[#This Row],[Visit Date]])*(Daily_Staffing_Log[Department Code]=EHR_Export[[#This Row],[Department Code]])*(Daily_Staffing_Log[Shift]=EHR_Export[[#This Row],[Shift Type]]),Daily_Staffing_Log[Staff on Duty],"Unknown")} -> 6
A47: 1044 | B47: 46027 | C47: 0.27291667 | D47: ORTH | E47: Orthopedics | F47: Patient 1044 | G47: 53 | H47: MALE | I47: Private | J47: 53 | K47: 66 | L47: 4 | M47: No | N47: 1520.87 | O47: =IF(EHR_Export[[#This Row],[Arrival Time]]<=TIME(7,0,0), "Night", IF(EHR_Export[[#This Row],[Arrival Time]]<TIME(15,0,0), "Day", "Evening")) -> Night | P47: {=_xlfn.XLOOKUP(1,(Daily_Staffing_Log[Log Date]=EHR_Export[[#This Row],[Visit Date]])*(Daily_Staffing_Log[Department Code]=EHR_Export[[#This Row],[Department Code]])*(Daily_Staffing_Log[Shift]=EHR_Export[[#This Row],[Shift Type]]),Daily_Staffing_Log[Staff on Duty],"Unknown")} -> 3
A48: 1047 | B48: 46027 | C48: 0.88125 | D48: SURG | E48: General Surgery | F48: Patient 1047 | G48: 8 | H48: FEMALE | I48: Private | J48: 56 | K48: 116 | L48: 3.6 | M48: No | N48: 3551.73 | O48: =IF(EHR_Export[[#This Row],[Arrival Time]]<=TIME(7,0,0), "Night", IF(EHR_Export[[#This Row],[Arrival Time]]<TIME(15,0,0), "Day", "Evening")) -> Evening | P48: {=_xlfn.XLOOKUP(1,(Daily_Staffing_Log[Log Date]=EHR_Export[[#This Row],[Visit Date]])*(Daily_Staffing_Log[Department Code]=EHR_Export[[#This Row],[Department Code]])*(Daily_Staffing_Log[Shift]=EHR_Export[[#This Row],[Shift Type]]),Daily_Staffing_Log[Staff on Duty],"Unknown")} -> 4
A49: 1045 | B49: 46027 | C49: 0.66875 | D49: SURG | E49: General Surgery | F49: Patient 1045 | G49: 17 | H49: FEMALE | I49: Medicare | J49: 73 | K49: 111 | L49: 2.6 | M49: No | N49: 2516.03 | O49: =IF(EHR_Export[[#This Row],[Arrival Time]]<=TIME(7,0,0), "Night", IF(EHR_Export[[#This Row],[Arrival Time]]<TIME(15,0,0), "Day", "Evening")) -> Evening | P49: {=_xlfn.XLOOKUP(1,(Daily_Staffing_Log[Log Date]=EHR_Export[[#This Row],[Visit Date]])*(Daily_Staffing_Log[Department Code]=EHR_Export[[#This Row],[Department Code]])*(Daily_Staffing_Log[Shift]=EHR_Export[[#This Row],[Shift Type]]),Daily_Staffing_Log[Staff on Duty],"Unknown")} -> 4
A50: 1042 | B50: 46027 | C50: 0.78541667 | D50: SURG | E50: General Surgery | F50: Patient 1042 | G50: 31 | H50: FEMALE | I50: Medicare | J50: 71 | K50: 90 | L50: 4.5 | M50: No | N50: 2420.79 | O50: =IF(EHR_Export[[#This Row],[Arrival Time]]<=TIME(7,0,0), "Night", IF(EHR_Export[[#This Row],[Arrival Time]]<TIME(15,0,0), "Day", "Evening")) -> Evening | P50: {=_xlfn.XLOOKUP(1,(Daily_Staffing_Log[Log Date]=EHR_Export[[#This Row],[Visit Date]])*(Daily_Staffing_Log[Department Code]=EHR_Export[[#This Row],[Department Code]])*(Daily_Staffing_Log[Shift]=EHR_Export[[#This Row],[Shift Type]]),Daily_Staffing_Log[Staff on Duty],"Unknown")} -> 4
A51: 1049 | B51: 46027 | C51: 0.75347222 | D51: ER | E51: Emergency | F51: Patient 1049 | G51: 10 | H51: MALE | I51: Medicaid | J51: 53 | K51: 48 | L51: 4.2 | M51: No | N51: 830.81 | O51: =IF(EHR_Export[[#This Row],[Arrival Time]]<=TIME(7,0,0), "Night", IF(EHR_Export[[#This Row],[Arrival Time]]<TIME(15,0,0), "Day", "Evening")) -> Evening | P51: {=_xlfn.XLOOKUP(1,(Daily_Staffing_Log[Log Date]=EHR_Export[[#This Row],[Visit Date]])*(Daily_Staffing_Log[Department Code]=EHR_Export[[#This Row],[Department Code]])*(Daily_Staffing_Log[Shift]=EHR_Export[[#This Row],[Shift Type]]),Daily_Staffing_Log[Staff on Duty],"Unknown")} -> 9
A52: 1050 | B52: 46028 | C52: 0.29027778 | D52: PEDS | E52: Pediatrics | F52: Patient 1050 | G52: 20 | H52: MALE | I52: Uninsured | J52: 29 | K52: 10 | L52: 3.6 | M52: No | N52: 818.25 | O52: =IF(EHR_Export[[#This Row],[Arrival Time]]<=TIME(7,0,0), "Night", IF(EHR_Export[[#This Row],[Arrival Time]]<TIME(15,0,0), "Day", "Evening")) -> Night | P52: {=_xlfn.XLOOKUP(1,(Daily_Staffing_Log[Log Date]=EHR_Export[[#This Row],[Visit Date]])*(Daily_Staffing_Log[Department Code]=EHR_Export[[#This Row],[Department Code]])*(Daily_Staffing_Log[Shift]=EHR_Export[[#This Row],[Shift Type]]),Daily_Staffing_Log[Staff on Duty],"Unknown")} -> 3
A53: 1052 | B53: 46028 | C53: 0.82569444 | D53: ER | E53: Emergency | F53: Patient 1052 | G53: 1 | H53: FEMALE | I53: Medicaid | J53: 56 | K53: 55 | M53: No | N53: 1133.11 | O53: =IF(EHR_Export[[#This Row],[Arrival Time]]<=TIME(7,0,0), "Night", IF(EHR_Export[[#This Row],[Arrival Time]]<TIME(15,0,0), "Day", "Evening")) -> Evening | P53: {=_xlfn.XLOOKUP(1,(Daily_Staffing_Log[Log Date]=EHR_Export[[#This Row],[Visit Date]])*(Daily_Staffing_Log[Department Code]=EHR_Export[[#This Row],[Department Code]])*(Daily_Staffing_Log[Shift]=EHR_Export[[#This Row],[Shift Type]]),Daily_Staffing_Log[Staff on Duty],"Unknown")} -> 10
A54: 1051 | B54: 46028 | C54: 0.66944444 | D54: PEDS | E54: Pediatrics | F54: Patient 1051 | G54: 61 | H54: MALE | I54: Medicaid | J54: 36 | K54: 64 | L54: 4.4 | M54: No | N54: 795.83 | O54: =IF(EHR_Export[[#This Row],[Arrival Time]]<=TIME(7,0,0), "Night", IF(EHR_Export[[#This Row],[Arrival Time]]<TIME(15,0,0), "Day", "Evening")) -> Evening | P54: {=_xlfn.XLOOKUP(1,(Daily_Staffing_Log[Log Date]=EHR_Export[[#This Row],[Visit Date]])*(Daily_Staffing_Log[Department Code]=EHR_Export[[#This Row],[Department Code]])*(Daily_Staffing_Log[Shift]=EHR_Export[[#This Row],[Shift Type]]),Daily_Staffing_Log[Staff on Duty],"Unknown")} -> 5
A55: 1053 | B55: 46028 | C55: 0.83611111 | D55: ER | E55: Emergency | F55: Patient 1053 | G55: 30 | H55: FEMALE | I55: Uninsured | J55: 49 | K55: 45 | L55: 4.2 | M55: No | N55: 902.67 | O55: =IF(EHR_Export[[#This Row],[Arrival Time]]<=TIME(7,0,0), "Night", IF(EHR_Export[[#This Row],[Arrival Time]]<TIME(15,0,0), "Day", "Evening")) -> Evening | P55: {=_xlfn.XLOOKUP(1,(Daily_Staffing_Log[Log Date]=EHR_Export[[#This Row],[Visit Date]])*(Daily_Staffing_Log[Department Code]=EHR_Export[[#This Row],[Department Code]])*(Daily_Staffing_Log[Shift]=EHR_Export[[#This Row],[Shift Type]]),Daily_Staffing_Log[Staff on Duty],"Unknown")} -> 10
A56: 1054 | B56: 46028 | C56: 0.37013889 | D56: SURG | E56: General Surgery | F56: Patient 1054 | G56: 55 | H56: FEMALE | I56: Medicaid | J56: 41 | K56: 82 | L56: 3.7 | M56: No | N56: 2668.27 | O56: =IF(EHR_Export[[#This Row],[Arrival Time]]<=TIME(7,0,0), "Night", IF(EHR_Export[[#This Row],[Arrival Time]]<TIME(15,0,0), "Day", "Evening")) -> Day | P56: {=_xlfn.XLOOKUP(1,(Daily_Staffing_Log[Log Date]=EHR_Export[[#This Row],[Visit Date]])*(Daily_Staffing_Log[Department Code]=EHR_Export[[#This Row],[Department Code]])*(Daily_Staffing_Log[Shift]=EHR_Export[[#This Row],[Shift Type]]),Daily_Staffing_Log[Staff on Duty],"Unknown")} -> 11
A57: 1055 | B57: 46028 | C57: 0.45208333 | D57: SURG | E57: General Surgery | F57: Patient 1055 | G57: 34 | H57: MALE | I57: Private | J57: 68 | K57: 99 | L57: 3.3 | M57: No | N57: 4155.62 | O57: =IF(EHR_Export[[#This Row],[Arrival Time]]<=TIME(7,0,0), "Night", IF(EHR_Export[[#This Row],[Arrival Time]]<TIME(15,0,0), "Day", "Evening")) -> Day | P57: {=_xlfn.XLOOKUP(1,(Daily_Staffing_Log[Log Date]=EHR_Export[[#This Row],[Visit Date]])*(Daily_Staffing_Log[Department Code]=EHR_Export[[#This Row],[Department Code]])*(Daily_Staffing_Log[Shift]=EHR_Export[[#This Row],[Shift Type]]),Daily_Staffing_Log[Staff on Duty],"Unknown")} -> 11
A58: 1058 | B58: 46029 | C58: 0.61180556 | D58: CARD | E58: Cardiology | F58: Patient 1058 | G58: 50 | H58: FEMALE | I58: Medicare | J58: 29 | K58: 99 | M58: No | N58: 1392.95 | O58: =IF(EHR_Export[[#This Row],[Arrival Time]]<=TIME(7,0,0), "Night", IF(EHR_Export[[#This Row],[Arrival Time]]<TIME(15,0,0), "Day", "Evening")) -> Day | P58: {=_xlfn.XLOOKUP(1,(Daily_Staffing_Log[Log Date]=EHR_Export[[#This Row],[Visit Date]])*(Daily_Staffing_Log[Department Code]=EHR_Export[[#This Row],[Department Code]])*(Daily_Staffing_Log[Shift]=EHR_Export[[#This Row],[Shift Type]]),Daily_Staffing_Log[Staff on Duty],"Unknown")} -> 7
A59: 1062 | B59: 46029 | C59: 0.52291667 | D59: ER | E59: Emergency | F59: Patient 1062 | G59: 20 | H59: FEMALE | I59: Private | J59: 53 | K59: 50 | M59: No | N59: 402.27 | O59: =IF(EHR_Export[[#This Row],[Arrival Time]]<=TIME(7,0,0), "Night", IF(EHR_Export[[#This Row],[Arrival Time]]<TIME(15,0,0), "Day", "Evening")) -> Day | P59: {=_xlfn.XLOOKUP(1,(Daily_Staffing_Log[Log Date]=EHR_Export[[#This Row],[Visit Date]])*(Daily_Staffing_Log[Department Code]=EHR_Export[[#This Row],[Department Code]])*(Daily_Staffing_Log[Shift]=EHR_Export[[#This Row],[Shift Type]]),Daily_Staffing_Log[Staff on Duty],"Unknown")} -> 5
A60: 1059 | B60: 46029 | C60: 0.71736111 | D60: CARD | E60: Cardiology | F60: Patient 1059 | G60: 93 | H60: FEMALE | I60: Uninsured | J60: 10 | K60: 45 | L60: 4.4 | M60: No | N60: 1288.48 | O60: =IF(EHR_Export[[#This Row],[Arrival Time]]<=TIME(7,0,0), "Night", IF(EHR_Export[[#This Row],[Arrival Time]]<TIME(15,0,0), "Day", "Evening")) -> Evening | P60: {=_xlfn.XLOOKUP(1,(Daily_Staffing_Log[Log Date]=EHR_Export[[#This Row],[Visit Date]])*(Daily_Staffing_Log[Department Code]=EHR_Export[[#This Row],[Department Code]])*(Daily_Staffing_Log[Shift]=EHR_Export[[#This Row],[Shift Type]]),Daily_Staffing_Log[Staff on Duty],"Unknown")} -> 3
A61: 1060 | B61: 46029 | C61: 0.66597222 | D61: ER | E61: Emergency | F61: Patient 1060 | G61: 73 | H61: FEMALE | I61: Private | J61: 51 | K61: 56 | M61: No | N61: 960.95 | O61: =IF(EHR_Export[[#This Row],[Arrival Time]]<=TIME(7,0,0), "Night", IF(EHR_Export[[#This Row],[Arrival Time]]<TIME(15,0,0), "Day", "Evening")) -> Evening | P61: {=_xlfn.XLOOKUP(1,(Daily_Staffing_Log[Log Date]=EHR_Export[[#This Row],[Visit Date]])*(Daily_Staffing_Log[Department Code]=EHR_Export[[#This Row],[Department Code]])*(Daily_Staffing_Log[Shift]=EHR_Export[[#This Row],[Shift Type]]),Daily_Staffing_Log[Staff on Duty],"Unknown")} -> 8
A62: 1056 | B62: 46029 | C62: 0.89097222 | D62: ER | E62: Emergency | F62: Patient 1056 | G62: 3 | H62: MALE | I62: Medicare | J62: 61 | K62: 74 | L62: 3.7 | M62: No | N62: 816.38 | O62: =IF(EHR_Export[[#This Row],[Arrival Time]]<=TIME(7,0,0), "Night", IF(EHR_Export[[#This Row],[Arrival Time]]<TIME(15,0,0), "Day", "Evening")) -> Evening | P62: {=_xlfn.XLOOKUP(1,(Daily_Staffing_Log[Log Date]=EHR_Export[[#This Row],[Visit Date]])*(Daily_Staffing_Log[Department Code]=EHR_Export[[#This Row],[Department Code]])*(Daily_Staffing_Log[Shift]=EHR_Export[[#This Row],[Shift Type]]),Daily_Staffing_Log[Staff on Duty],"Unknown")} -> 8
A63: 1057 | B63: 46029 | C63: 0.86944444 | D63: ER | E63: Emergency | F63: Patient 1057 | G63: 134 | H63: FEMALE | I63: Medicare | J63: 80 | K63: 23 | L63: 3.4 | M63: No | N63: 1093.78 | O63: =IF(EHR_Export[[#This Row],[Arrival Time]]<=TIME(7,0,0), "Night", IF(EHR_Export[[#This Row],[Arrival Time]]<TIME(15,0,0), "Day", "Evening")) -> Evening | P63: {=_xlfn.XLOOKUP(1,(Daily_Staffing_Log[Log Date]=EHR_Export[[#This Row],[Visit Date]])*(Daily_Staffing_Log[Department Code]=EHR_Export[[#This Row],[Department Code]])*(Daily_Staffing_Log[Shift]=EHR_Export[[#This Row],[Shift Type]]),Daily_Staffing_Log[Staff on Duty],"Unknown")} -> 8
A64: 1061 | B64: 46029 | C64: 0.24930556 | D64: PEDS | E64: Pediatrics | F64: Patient 1061 | G64: 31 | H64: FEMALE | I64: Medicaid | J64: 57 | K64: 32 | L64: 2.6 | M64: No | N64: 851.34 | O64: =IF(EHR_Export[[#This Row],[Arrival Time]]<=TIME(7,0,0), "Night", IF(EHR_Export[[#This Row],[Arrival Time]]<TIME(15,0,0), "Day", "Evening")) -> Night | P64: {=_xlfn.XLOOKUP(1,(Daily_Staffing_Log[Log Date]=EHR_Export[[#This Row],[Visit Date]])*(Daily_Staffing_Log[Department Code]=EHR_Export[[#This Row],[Department Code]])*(Daily_Staffing_Log[Shift]=EHR_Export[[#This Row],[Shift Type]]),Daily_Staffing_Log[Staff on Duty],"Unknown")} -> 3
A65: 1066 | B65: 46030 | C65: 0.26527778 | D65: PEDS | E65: Pediatrics | F65: Patient 1066 | G65: 78 | H65: FEMALE | I65: Medicare | J65: 39 | K65: 30 | L65: 3.8 | M65: No | N65: 610.74 | O65: =IF(EHR_Export[[#This Row],[Arrival Time]]<=TIME(7,0,0), "Night", IF(EHR_Export[[#This Row],[Arrival Time]]<TIME(15,0,0), "Day", "Evening")) -> Night | P65: {=_xlfn.XLOOKUP(1,(Daily_Staffing_Log[Log Date]=EHR_Export[[#This Row],[Visit Date]])*(Daily_Staffing_Log[Department Code]=EHR_Export[[#This Row],[Department Code]])*(Daily_Staffing_Log[Shift]=EHR_Export[[#This Row],[Shift Type]]),Daily_Staffing_Log[Staff on Duty],"Unknown")} -> 1
A66: 1067 | B66: 46030 | C66: 0.67847222 | D66: ER | E66: Emergency | F66: Patient 1067 | G66: 46 | H66: FEMALE | I66: Medicare | J66: 77 | K66: 57 | L66: 4.1 | M66: No | N66: 718.54 | O66: =IF(EHR_Export[[#This Row],[Arrival Time]]<=TIME(7,0,0), "Night", IF(EHR_Export[[#This Row],[Arrival Time]]<TIME(15,0,0), "Day", "Evening")) -> Evening | P66: {=_xlfn.XLOOKUP(1,(Daily_Staffing_Log[Log Date]=EHR_Export[[#This Row],[Visit Date]])*(Daily_Staffing_Log[Department Code]=EHR_Export[[#This Row],[Department Code]])*(Daily_Staffing_Log[Shift]=EHR_Export[[#This Row],[Shift Type]]),Daily_Staffing_Log[Staff on Duty],"Unknown")} -> 8
A67: 1064 | B67: 46030 | C67: 0.39583333 | D67: ER | E67: Emergency | F67: Patient 1064 | G67: 49 | H67: FEMALE | I67: Medicaid | J67: 56 | K67: 55 | L67: 4 | M67: Yes | N67: 975.07 | O67: =IF(EHR_Export[[#This Row],[Arrival Time]]<=TIME(7,0,0), "Night", IF(EHR_Export[[#This Row],[Arrival Time]]<TIME(15,0,0), "Day", "Evening")) -> Day | P67: {=_xlfn.XLOOKUP(1,(Daily_Staffing_Log[Log Date]=EHR_Export[[#This Row],[Visit Date]])*(Daily_Staffing_Log[Department Code]=EHR_Export[[#This Row],[Department Code]])*(Daily_Staffing_Log[Shift]=EHR_Export[[#This Row],[Shift Type]]),Daily_Staffing_Log[Staff on Duty],"Unknown")} -> 9
A68: 1063 | B68: 46030 | C68: 0.47638889 | D68: ORTH | E68: Orthopedics | F68: Patient 1063 | G68: 66 | H68: FEMALE | I68: Medicaid | J68: 63 | K68: 13 | L68: 3.8 | M68: No | N68: 2015.27 | O68: =IF(EHR_Export[[#This Row],[Arrival Time]]<=TIME(7,0,0), "Night", IF(EHR_Export[[#This Row],[Arrival Time]]<TIME(15,0,0), "Day", "Evening")) -> Day | P68: {=_xlfn.XLOOKUP(1,(Daily_Staffing_Log[Log Date]=EHR_Export[[#This Row],[Visit Date]])*(Daily_Staffing_Log[Department Code]=EHR_Export[[#This Row],[Department Code]])*(Daily_Staffing_Log[Shift]=EHR_Export[[#This Row],[Shift Type]]),Daily_Staffing_Log[Staff on Duty],"Unknown")} -> 5
A69: 1065 | B69: 46030 | C69: 0.70138889 | D69: ER | E69: Emergency | F69: Patient 1065 | G69: 49 | H69: MALE | I69: Uninsured | J69: 45 | K69: 65 | L69: 4 | M69: No | N69: 1149.67 | O69: =IF(EHR_Export[[#This Row],[Arrival Time]]<=TIME(7,0,0), "Night", IF(EHR_Export[[#This Row],[Arrival Time]]<TIME(15,0,0), "Day", "Evening")) -> Evening | P69: {=_xlfn.XLOOKUP(1,(Daily_Staffing_Log[Log Date]=EHR_Export[[#This Row],[Visit Date]])*(Daily_Staffing_Log[Department Code]=EHR_Export[[#This Row],[Department Code]])*(Daily_Staffing_Log[Shift]=EHR_Export[[#This Row],[Shift Type]]),Daily_Staffing_Log[Staff on Duty],"Unknown")} -> 8
A70: 1068 | B70: 46031 | C70: 0.82430556 | D70: CARD | E70: Cardiology | F70: Patient 1068 | G70: 29 | H70: MALE | I70: Medicare | J70: 68 | K70: 38 | L70: 2.6 | M70: No | N70: 2389 | O70: =IF(EHR_Export[[#This Row],[Arrival Time]]<=TIME(7,0,0), "Night", IF(EHR_Export[[#This Row],[Arrival Time]]<TIME(15,0,0), "Day", "Evening")) -> Evening | P70: {=_xlfn.XLOOKUP(1,(Daily_Staffing_Log[Log Date]=EHR_Export[[#This Row],[Visit Date]])*(Daily_Staffing_Log[Department Code]=EHR_Export[[#This Row],[Department Code]])*(Daily_Staffing_Log[Shift]=EHR_Export[[#This Row],[Shift Type]]),Daily_Staffing_Log[Staff on Duty],"Unknown")} -> 6
A71: 1069 | B71: 46031 | C71: 0.86527778 | D71: ER | E71: Emergency | F71: Patient 1069 | G71: 44 | H71: MALE | I71: Medicare | J71: 84 | K71: 42 | L71: 3.5 | M71: No | N71: 806.31 | O71: =IF(EHR_Export[[#This Row],[Arrival Time]]<=TIME(7,0,0), "Night", IF(EHR_Export[[#This Row],[Arrival Time]]<TIME(15,0,0), "Day", "Evening")) -> Evening | P71: {=_xlfn.XLOOKUP(1,(Daily_Staffing_Log[Log Date]=EHR_Export[[#This Row],[Visit Date]])*(Daily_Staffing_Log[Department Code]=EHR_Export[[#This Row],[Department Code]])*(Daily_Staffing_Log[Shift]=EHR_Export[[#This Row],[Shift Type]]),Daily_Staffing_Log[Staff on Duty],"Unknown")} -> 11
A72: 1075 | B72: 46031 | C72: 0.75694444 | D72: SURG | E72: General Surgery | F72: Patient 1075 | G72: 67 | H72: FEMALE | I72: Medicaid | J72: 86 | K72: 69 | L72: 3.5 | M72: Yes | N72: 5193.92 | O72: =IF(EHR_Export[[#This Row],[Arrival Time]]<=TIME(7,0,0), "Night", IF(EHR_Export[[#This Row],[Arrival Time]]<TIME(15,0,0), "Day", "Evening")) -> Evening | P72: {=_xlfn.XLOOKUP(1,(Daily_Staffing_Log[Log Date]=EHR_Export[[#This Row],[Visit Date]])*(Daily_Staffing_Log[Department Code]=EHR_Export[[#This Row],[Department Code]])*(Daily_Staffing_Log[Shift]=EHR_Export[[#This Row],[Shift Type]]),Daily_Staffing_Log[Staff on Duty],"Unknown")} -> 5
A73: 1074 | B73: 46031 | C73: 0.87430556 | D73: ER | E73: Emergency | F73: Patient 1074 | G73: 20 | H73: MALE | I73: Medicaid | J73: 61 | K73: 65 | L73: 2.4 | M73: No | N73: 996.47 | O73: =IF(EHR_Export[[#This Row],[Arrival Time]]<=TIME(7,0,0), "Night", IF(EHR_Export[[#This Row],[Arrival Time]]<TIME(15,0,0), "Day", "Evening")) -> Evening | P73: {=_xlfn.XLOOKUP(1,(Daily_Staffing_Log[Log Date]=EHR_Export[[#This Row],[Visit Date]])*(Daily_Staffing_Log[Department Code]=EHR_Export[[#This Row],[Department Code]])*(Daily_Staffing_Log[Shift]=EHR_Export[[#This Row],[Shift Type]]),Daily_Staffing_Log[Staff on Duty],"Unknown")} -> 11
A74: 1070 | B74: 46031 | C74: 0.50416667 | D74: ORTH | E74: Orthopedics | F74: Patient 1070 | G74: 50 | H74: MALE | I74: Private | J74: 39 | K74: 48 | L74: 4.1 | M74: No | O74: =IF(EHR_Export[[#This Row],[Arrival Time]]<=TIME(7,0,0), "Night", IF(EHR_Export[[#This Row],[Arrival Time]]<TIME(15,0,0), "Day", "Evening")) -> Day | P74: {=_xlfn.XLOOKUP(1,(Daily_Staffing_Log[Log Date]=EHR_Export[[#This Row],[Visit Date]])*(Daily_Staffing_Log[Department Code]=EHR_Export[[#This Row],[Department Code]])*(Daily_Staffing_Log[Shift]=EHR_Export[[#This Row],[Shift Type]]),Daily_Staffing_Log[Staff on Duty],"Unknown")} -> 7
A75: 1073 | B75: 46031 | C75: 0.24722222 | D75: ORTH | E75: Orthopedics | F75: Patient 1073 | G75: 50 | H75: MALE | I75: Medicare | J75: 41 | K75: 78 | L75: 3.7 | M75: No | N75: 1478.69 | O75: =IF(EHR_Export[[#This Row],[Arrival Time]]<=TIME(7,0,0), "Night", IF(EHR_Export[[#This Row],[Arrival Time]]<TIME(15,0,0), "Day", "Evening")) -> Night | P75: {=_xlfn.XLOOKUP(1,(Daily_Staffing_Log[Log Date]=EHR_Export[[#This Row],[Visit Date]])*(Daily_Staffing_Log[Department Code]=EHR_Export[[#This Row],[Department Code]])*(Daily_Staffing_Log[Shift]=EHR_Export[[#This Row],[Shift Type]]),Daily_Staffing_Log[Staff on Duty],"Unknown")} -> 2
A76: 1072 | B76: 46031 | C76: 0.60069444 | D76: CARD | E76: Cardiology | F76: Patient 1072 | G76: 30 | H76: MALE | I76: Private | J76: 59 | K76: 52 | L76: 4.2 | M76: No | N76: 1844.14 | O76: =IF(EHR_Export[[#This Row],[Arrival Time]]<=TIME(7,0,0), "Night", IF(EHR_Export[[#This Row],[Arrival Time]]<TIME(15,0,0), "Day", "Evening")) -> Day | P76: {=_xlfn.XLOOKUP(1,(Daily_Staffing_Log[Log Date]=EHR_Export[[#This Row],[Visit Date]])*(Daily_Staffing_Log[Department Code]=EHR_Export[[#This Row],[Department Code]])*(Daily_Staffing_Log[Shift]=EHR_Export[[#This Row],[Shift Type]]),Daily_Staffing_Log[Staff on Duty],"Unknown")} -> 6
A77: 1071 | B77: 46031 | C77: 0.45208333 | D77: PEDS | E77: Pediatrics | F77: Patient 1071 | G77: 37 | H77: FEMALE | I77: Medicaid | J77: 31 | K77: 74 | L77: 4.2 | M77: No | N77: 490.78 | O77: =IF(EHR_Export[[#This Row],[Arrival Time]]<=TIME(7,0,0), "Night", IF(EHR_Export[[#This Row],[Arrival Time]]<TIME(15,0,0), "Day", "Evening")) -> Day | P77: {=_xlfn.XLOOKUP(1,(Daily_Staffing_Log[Log Date]=EHR_Export[[#This Row],[Visit Date]])*(Daily_Staffing_Log[Department Code]=EHR_Export[[#This Row],[Department Code]])*(Daily_Staffing_Log[Shift]=EHR_Export[[#This Row],[Shift Type]]),Daily_Staffing_Log[Staff on Duty],"Unknown")} -> 4
A78: 1076 | B78: 46031 | C78: 0.81041667 | D78: CARD | E78: Cardiology | F78: Patient 1076 | G78: 15 | H78: FEMALE | I78: Private | J78: 45 | K78: 52 | L78: 3.5 | M78: No | N78: 1673.86 | O78: =IF(EHR_Export[[#This Row],[Arrival Time]]<=TIME(7,0,0), "Night", IF(EHR_Export[[#This Row],[Arrival Time]]<TIME(15,0,0), "Day", "Evening")) -> Evening | P78: {=_xlfn.XLOOKUP(1,(Daily_Staffing_Log[Log Date]=EHR_Export[[#This Row],[Visit Date]])*(Daily_Staffing_Log[Department Code]=EHR_Export[[#This Row],[Department Code]])*(Daily_Staffing_Log[Shift]=EHR_Export[[#This Row],[Shift Type]]),Daily_Staffing_Log[Staff on Duty],"Unknown")} -> 6
A79: 1078 | B79: 46032 | C79: 0.29305556 | D79: ER | E79: Emergency | F79: Patient 1078 | G79: 7 | H79: FEMALE | I79: Medicare | J79: 47 | K79: 27 | L79: 3.8 | M79: No | N79: 906.63 | O79: =IF(EHR_Export[[#This Row],[Arrival Time]]<=TIME(7,0,0), "Night", IF(EHR_Export[[#This Row],[Arrival Time]]<TIME(15,0,0), "Day", "Evening")) -> Day | P79: {=_xlfn.XLOOKUP(1,(Daily_Staffing_Log[Log Date]=EHR_Export[[#This Row],[Visit Date]])*(Daily_Staffing_Log[Department Code]=EHR_Export[[#This Row],[Department Code]])*(Daily_Staffing_Log[Shift]=EHR_Export[[#This Row],[Shift Type]]),Daily_Staffing_Log[Staff on Duty],"Unknown")} -> 8
A80: 1084 | B80: 46032 | C80: 0.78611111 | D80: SURG | E80: General Surgery | F80: Patient 1084 | G80: 39 | H80: MALE | I80: Medicaid | J80: 119 | K80: 84 | L80: 2.1 | M80: No | N80: 2753.77 | O80: =IF(EHR_Export[[#This Row],[Arrival Time]]<=TIME(7,0,0), "Night", IF(EHR_Export[[#This Row],[Arrival Time]]<TIME(15,0,0), "Day", "Evening")) -> Evening | P80: {=_xlfn.XLOOKUP(1,(Daily_Staffing_Log[Log Date]=EHR_Export[[#This Row],[Visit Date]])*(Daily_Staffing_Log[Department Code]=EHR_Export[[#This Row],[Department Code]])*(Daily_Staffing_Log[Shift]=EHR_Export[[#This Row],[Shift Type]]),Daily_Staffing_Log[Staff on Duty],"Unknown")} -> 7
A81: 1079 | B81: 46032 | C81: 0.77638889 | D81: CARD | E81: Cardiology | F81: Patient 1079 | G81: 14 | H81: MALE | I81: Medicaid | J81: 89 | K81: 36 | L81: 2.9 | M81: No | N81: 1859.87 | O81: =IF(EHR_Export[[#This Row],[Arrival Time]]<=TIME(7,0,0), "Night", IF(EHR_Export[[#This Row],[Arrival Time]]<TIME(15,0,0), "Day", "Evening")) -> Evening | P81: {=_xlfn.XLOOKUP(1,(Daily_Staffing_Log[Log Date]=EHR_Export[[#This Row],[Visit Date]])*(Daily_Staffing_Log[Department Code]=EHR_Export[[#This Row],[Department Code]])*(Daily_Staffing_Log[Shift]=EHR_Export[[#This Row],[Shift Type]]),Daily_Staffing_Log[Staff on Duty],"Unknown")} -> 2
A82: 1080 | B82: 46032 | C82: 0.79861111 | D82: CARD | E82: Cardiology | F82: Patient 1080 | G82: 24 | H82: MALE | I82: Private | J82: 68 | K82: 72 | L82: 3.3 | M82: No | N82: 1794.17 | O82: =IF(EHR_Export[[#This Row],[Arrival Time]]<=TIME(7,0,0), "Night", IF(EHR_Export[[#This Row],[Arrival Time]]<TIME(15,0,0), "Day", "Evening")) -> Evening | P82: {=_xlfn.XLOOKUP(1,(Daily_Staffing_Log[Log Date]=EHR_Export[[#This Row],[Visit Date]])*(Daily_Staffing_Log[Department Code]=EHR_Export[[#This Row],[Department Code]])*(Daily_Staffing_Log[Shift]=EHR_Export[[#This Row],[Shift Type]]),Daily_Staffing_Log[Staff on Duty],"Unknown")} -> 2
A83: 1077 | B83: 46032 | C83: 0.73611111 | D83: ORTH | E83: Orthopedics | F83: Patient 1077 | G83: 38 | H83: MALE | I83: Medicare | J83: 94 | K83: 39 | L83: 2.7 | M83: No | N83: 1785.83 | O83: =IF(EHR_Export[[#This Row],[Arrival Time]]<=TIME(7,0,0), "Night", IF(EHR_Export[[#This Row],[Arrival Time]]<TIME(15,0,0), "Day", "Evening")) -> Evening | P83: {=_xlfn.XLOOKUP(1,(Daily_Staffing_Log[Log Date]=EHR_Export[[#This Row],[Visit Date]])*(Daily_Staffing_Log[Department Code]=EHR_Export[[#This Row],[Department Code]])*(Daily_Staffing_Log[Shift]=EHR_Export[[#This Row],[Shift Type]]),Daily_Staffing_Log[Staff on Duty],"Unknown")} -> 6
A84: 1082 | B84: 46032 | C84: 0.57013889 | D84: ER | E84: Emergency | F84: Patient 1082 | G84: 8 | H84: FEMALE | I84: Private | J84: 51 | K84: 59 | L84: 3.2 | M84: No | N84: 813.73 | O84: =IF(EHR_Export[[#This Row],[Arrival Time]]<=TIME(7,0,0), "Night", IF(EHR_Export[[#This Row],[Arrival Time]]<TIME(15,0,0), "Day", "Evening")) -> Day | P84: {=_xlfn.XLOOKUP(1,(Daily_Staffing_Log[Log Date]=EHR_Export[[#This Row],[Visit Date]])*(Daily_Staffing_Log[Department Code]=EHR_Export[[#This Row],[Department Code]])*(Daily_Staffing_Log[Shift]=EHR_Export[[#This Row],[Shift Type]]),Daily_Staffing_Log[Staff on Duty],"Unknown")} -> 8
A85: 1083 | B85: 46032 | C85: 0.46458333 | D85: ER | E85: Emergency | F85: Patient 1083 | G85: 46 | H85: MALE | I85: Private | J85: 31 | K85: 39 | L85: 3.5 | M85: No | N85: 753.06 | O85: =IF(EHR_Export[[#This Row],[Arrival Time]]<=TIME(7,0,0), "Night", IF(EHR_Export[[#This Row],[Arrival Time]]<TIME(15,0,0), "Day", "Evening")) -> Day | P85: {=_xlfn.XLOOKUP(1,(Daily_Staffing_Log[Log Date]=EHR_Export[[#This Row],[Visit Date]])*(Daily_Staffing_Log[Department Code]=EHR_Export[[#This Row],[Department Code]])*(Daily_Staffing_Log[Shift]=EHR_Export[[#This Row],[Shift Type]]),Daily_Staffing_Log[Staff on Duty],"Unknown")} -> 8
A86: 1081 | B86: 46032 | C86: 0.46736111 | D86: ER | E86: Emergency | F86: Patient 1081 | G86: 1 | H86: MALE | I86: Medicare | J86: 35 | K86: 61 | L86: 4.3 | M86: No | N86: 728.2 | O86: =IF(EHR_Export[[#This Row],[Arrival Time]]<=TIME(7,0,0), "Night", IF(EHR_Export[[#This Row],[Arrival Time]]<TIME(15,0,0), "Day", "Evening")) -> Day | P86: {=_xlfn.XLOOKUP(1,(Daily_Staffing_Log[Log Date]=EHR_Export[[#This Row],[Visit Date]])*(Daily_Staffing_Log[Department Code]=EHR_Export[[#This Row],[Department Code]])*(Daily_Staffing_Log[Shift]=EHR_Export[[#This Row],[Shift Type]]),Daily_Staffing_Log[Staff on Duty],"Unknown")} -> 8
... A95: 1086 | B95: 46033 | C95: 0.54791667 | D95: CARD | E95: Cardiology | F95: Patient 1086 | G95: 45 | H95: FEMALE | I95: Medicaid | J95: 23 | K95: 58 | L95: 4.5 | M95: No | N95: 1539.29 | O95: =IF(EHR_Export[[#This Row],[Arrival Time]]<=TIME(7,0,0), "Night", IF(EHR_Export[[#This Row],[Arrival Time]]<TIME(15,0,0), "Day", "Evening")) -> Day | P95: {=_xlfn.XLOOKUP(1,(Daily_Staffing_Log[Log Date]=EHR_Export[[#This Row],[Visit Date]])*(Daily_Staffing_Log[Department Code]=EHR_Export[[#This Row],[Department Code]])*(Daily_Staffing_Log[Shift]=EHR_Export[[#This Row],[Shift Type]]),Daily_Staffing_Log[Staff on Duty],"Unknown")} -> 6
A96: 1093 | B96: 46033 | C96: 0.34652778 | D96: ORTH | E96: Orthopedics | F96: Patient 1093 | G96: 21 | H96: FEMALE | I96: Medicaid | J96: 64 | K96: 60 | L96: 2.2 | M96: No | O96: =IF(EHR_Export[[#This Row],[Arrival Time]]<=TIME(7,0,0), "Night", IF(EHR_Export[[#This Row],[Arrival Time]]<TIME(15,0,0), "Day", "Evening")) -> Day | P96: {=_xlfn.XLOOKUP(1,(Daily_Staffing_Log[Log Date]=EHR_Export[[#This Row],[Visit Date]])*(Daily_Staffing_Log[Department Code]=EHR_Export[[#This Row],[Department Code]])*(Daily_Staffing_Log[Shift]=EHR_Export[[#This Row],[Shift Type]]),Daily_Staffing_Log[Staff on Duty],"Unknown")} -> 3
A97: 1087 | B97: 46033 | C97: 0.48611111 | D97: ER | E97: Emergency | F97: Patient 1087 | G97: 64 | H97: FEMALE | I97: Uninsured | J97: 38 | K97: 40 | L97: 4.3 | M97: No | O97: =IF(EHR_Export[[#This Row],[Arrival Time]]<=TIME(7,0,0), "Night", IF(EHR_Export[[#This Row],[Arrival Time]]<TIME(15,0,0), "Day", "Evening")) -> Day | P97: {=_xlfn.XLOOKUP(1,(Daily_Staffing_Log[Log Date]=EHR_Export[[#This Row],[Visit Date]])*(Daily_Staffing_Log[Department Code]=EHR_Export[[#This Row],[Department Code]])*(Daily_Staffing_Log[Shift]=EHR_Export[[#This Row],[Shift Type]]),Daily_Staffing_Log[Staff on Duty],"Unknown")} -> 7
A98: 1089 | B98: 46033 | C98: 0.81458333 | D98: PEDS | E98: Pediatrics | F98: Patient 1089 | G98: 11 | H98: FEMALE | I98: Medicaid | J98: 46 | K98: 53 | L98: 3.5 | M98: No | N98: 707.13 | O98: =IF(EHR_Export[[#This Row],[Arrival Time]]<=TIME(7,0,0), "Night", IF(EHR_Export[[#This Row],[Arrival Time]]<TIME(15,0,0), "Day", "Evening")) -> Evening | P98: {=_xlfn.XLOOKUP(1,(Daily_Staffing_Log[Log Date]=EHR_Export[[#This Row],[Visit Date]])*(Daily_Staffing_Log[Department Code]=EHR_Export[[#This Row],[Department Code]])*(Daily_Staffing_Log[Shift]=EHR_Export[[#This Row],[Shift Type]]),Daily_Staffing_Log[Staff on Duty],"Unknown")} -> 3
A99: 1095 | B99: 46033 | C99: 0.59236111 | D99: SURG | E99: General Surgery | F99: Patient 1095 | G99: 22 | H99: MALE | I99: Medicare | J99: 41 | K99: 51 | L99: 4.2 | M99: No | N99: 3243.5 | O99: =IF(EHR_Export[[#This Row],[Arrival Time]]<=TIME(7,0,0), "Night", IF(EHR_Export[[#This Row],[Arrival Time]]<TIME(15,0,0), "Day", "Evening")) -> Day | P99: {=_xlfn.XLOOKUP(1,(Daily_Staffing_Log[Log Date]=EHR_Export[[#This Row],[Visit Date]])*(Daily_Staffing_Log[Department Code]=EHR_Export[[#This Row],[Department Code]])*(Daily_Staffing_Log[Shift]=EHR_Export[[#This Row],[Shift Type]]),Daily_Staffing_Log[Staff on Duty],"Unknown")} -> 7
A100: 1101 | B100: 46034 | C100: 0.079861111 | D100: PEDS | E100: Pediatrics | F100: Patient 1101 | G100: 22 | H100: MALE | I100: Medicare | J100: 5 | K100: 25 | L100: 4 | M100: No | N100: 622.52 | O100: =IF(EHR_Export[[#This Row],[Arrival Time]]<=TIME(7,0,0), "Night", IF(EHR_Export[[#This Row],[Arrival Time]]<TIME(15,0,0), "Day", "Evening")) -> Night | P100: {=_xlfn.XLOOKUP(1,(Daily_Staffing_Log[Log Date]=EHR_Export[[#This Row],[Visit Date]])*(Daily_Staffing_Log[Department Code]=EHR_Export[[#This Row],[Department Code]])*(Daily_Staffing_Log[Shift]=EHR_Export[[#This Row],[Shift Type]]),Daily_Staffing_Log[Staff on Duty],"Unknown")} -> 1
A101: 1100 | B101: 46034 | C101: 0.75208333 | D101: ER | E101: Emergency | F101: Patient 1100 | G101: 999 | H101: FEMALE | I101: Private | J101: 46 | K101: 17 | L101: 2.9 | M101: No | N101: 667.27 | O101: =IF(EHR_Export[[#This Row],[Arrival Time]]<=TIME(7,0,0), "Night", IF(EHR_Export[[#This Row],[Arrival Time]]<TIME(15,0,0), "Day", "Evening")) -> Evening | P101: {=_xlfn.XLOOKUP(1,(Daily_Staffing_Log[Log Date]=EHR_Export[[#This Row],[Visit Date]])*(Daily_Staffing_Log[Department Code]=EHR_Export[[#This Row],[Department Code]])*(Daily_Staffing_Log[Shift]=EHR_Export[[#This Row],[Shift Type]]),Daily_Staffing_Log[Staff on Duty],"Unknown")} -> 12
A102: 1102 | B102: 46034 | C102: 0.82569444 | D102: SURG | E102: General Surgery | F102: Patient 1102 | G102: 66 | H102: MALE | I102: Private | J102: 91 | K102: 79 | L102: 3.5 | M102: No | N102: 3270.19 | O102: =IF(EHR_Export[[#This Row],[Arrival Time]]<=TIME(7,0,0), "Night", IF(EHR_Export[[#This Row],[Arrival Time]]<TIME(15,0,0), "Day", "Evening")) -> Evening | P102: {=_xlfn.XLOOKUP(1,(Daily_Staffing_Log[Log Date]=EHR_Export[[#This Row],[Visit Date]])*(Daily_Staffing_Log[Department Code]=EHR_Export[[#This Row],[Department Code]])*(Daily_Staffing_Log[Shift]=EHR_Export[[#This Row],[Shift Type]]),Daily_Staffing_Log[Staff on Duty],"Unknown")} -> 5
A103: 1098 | B103: 46034 | C103: 0.75902778 | D103: SURG | E103: General Surgery | F103: Patient 1098 | G103: 67 | H103: MALE | I103: Private | J103: 60 | K103: 101 | L103: 3.6 | M103: No | N103: 2609.88 | O103: =IF(EHR_Export[[#This Row],[Arrival Time]]<=TIME(7,0,0), "Night", IF(EHR_Export[[#This Row],[Arrival Time]]<TIME(15,0,0), "Day", "Evening")) -> Evening | P103: {=_xlfn.XLOOKUP(1,(Daily_Staffing_Log[Log Date]=EHR_Export[[#This Row],[Visit Date]])*(Daily_Staffing_Log[Department Code]=EHR_Export[[#This Row],[Department Code]])*(Daily_Staffing_Log[Shift]=EHR_Export[[#This Row],[Shift Type]]),Daily_Staffing_Log[Staff on Duty],"Unknown")} -> 5
A104: 1099 | B104: 46034 | C104: 0.40625 | D104: ER | E104: Emergency | F104: Patient 1099 | G104: 36 | H104: MALE | I104: Medicaid | J104: 53 | K104: 48 | L104: 3.5 | M104: No | N104: 645.6 | O104: =IF(EHR_Export[[#This Row],[Arrival Time]]<=TIME(7,0,0), "Night", IF(EHR_Export[[#This Row],[Arrival Time]]<TIME(15,0,0), "Day", "Evening")) -> Day | P104: {=_xlfn.XLOOKUP(1,(Daily_Staffing_Log[Log Date]=EHR_Export[[#This Row],[Visit Date]])*(Daily_Staffing_Log[Department Code]=EHR_Export[[#This Row],[Department Code]])*(Daily_Staffing_Log[Shift]=EHR_Export[[#This Row],[Shift Type]]),Daily_Staffing_Log[Staff on Duty],"Unknown")} -> 7
A105: 1103 | B105: 46035 | C105: 0.54166667 | D105: PEDS | E105: Pediatrics | F105: Patient 1103 | G105: 66 | H105: FEMALE | I105: Private | J105: 38 | K105: 48 | L105: 3.4 | M105: No | N105: 663.85 | O105: =IF(EHR_Export[[#This Row],[Arrival Time]]<=TIME(7,0,0), "Night", IF(EHR_Export[[#This Row],[Arrival Time]]<TIME(15,0,0), "Day", "Evening")) -> Day | P105: {=_xlfn.XLOOKUP(1,(Daily_Staffing_Log[Log Date]=EHR_Export[[#This Row],[Visit Date]])*(Daily_Staffing_Log[Department Code]=EHR_Export[[#This Row],[Department Code]])*(Daily_Staffing_Log[Shift]=EHR_Export[[#This Row],[Shift Type]]),Daily_Staffing_Log[Staff on Duty],"Unknown")} -> 7
A106: 1105 | B106: 46035 | C106: 0.81805556 | D106: ER | E106: Emergency | F106: Patient 1105 | G106: 61 | H106: FEMALE | I106: Medicaid | J106: 69 | K106: 70 | L106: 3 | M106: No | N106: 953.51 | O106: =IF(EHR_Export[[#This Row],[Arrival Time]]<=TIME(7,0,0), "Night", IF(EHR_Export[[#This Row],[Arrival Time]]<TIME(15,0,0), "Day", "Evening")) -> Evening | P106: {=_xlfn.XLOOKUP(1,(Daily_Staffing_Log[Log Date]=EHR_Export[[#This Row],[Visit Date]])*(Daily_Staffing_Log[Department Code]=EHR_Export[[#This Row],[Department Code]])*(Daily_Staffing_Log[Shift]=EHR_Export[[#This Row],[Shift Type]]),Daily_Staffing_Log[Staff on Duty],"Unknown")} -> 10
A107: 1104 | B107: 46035 | C107: 0.71458333 | D107: PEDS | E107: Pediatrics | F107: Patient 1104 | G107: 73 | H107: FEMALE | I107: Medicare | J107: 25 | K107: 31 | L107: 3.3 | M107: Yes | N107: 378.3 | O107: =IF(EHR_Export[[#This Row],[Arrival Time]]<=TIME(7,0,0), "Night", IF(EHR_Export[[#This Row],[Arrival Time]]<TIME(15,0,0), "Day", "Evening")) -> Evening | P107: {=_xlfn.XLOOKUP(1,(Daily_Staffing_Log[Log Date]=EHR_Export[[#This Row],[Visit Date]])*(Daily_Staffing_Log[Department Code]=EHR_Export[[#This Row],[Department Code]])*(Daily_Staffing_Log[Shift]=EHR_Export[[#This Row],[Shift Type]]),Daily_Staffing_Log[Staff on Duty],"Unknown")} -> 6
A108: 1106 | B108: 46035 | C108: 0.775 | D108: ER | E108: Emergency | F108: Patient 1106 | G108: 42 | H108: FEMALE | I108: Medicaid | J108: 100 | K108: 60 | L108: 2.5 | M108: No | N108: 468.72 | O108: =IF(EHR_Export[[#This Row],[Arrival Time]]<=TIME(7,0,0), "Night", IF(EHR_Export[[#This Row],[Arrival Time]]<TIME(15,0,0), "Day", "Evening")) -> Evening | P108: {=_xlfn.XLOOKUP(1,(Daily_Staffing_Log[Log Date]=EHR_Export[[#This Row],[Visit Date]])*(Daily_Staffing_Log[Department Code]=EHR_Export[[#This Row],[Department Code]])*(Daily_Staffing_Log[Shift]=EHR_Export[[#This Row],[Shift Type]]),Daily_Staffing_Log[Staff on Duty],"Unknown")} -> 10
...

Sheet Dashboard_Calculator
A1: Department | B1: Avg Wait Time (min) | C1: Avg Treatment Time (min) | D1: Avg Satisfaction | E1: vs. 3.8 Target | F1: Avg Charge | G1: Base Cost | H1: vs Base Cost | I1: Readmission Rate | J1: Wait Time | K1: Department | L1: Day | M1: Evening | N1: Night
A2: Cardiology | B2: =AVERAGEIF(EHR_Export[Department Full Name], Dashboard_Calculator!A2, EHR_Export[Wait Time (min)]) -> 42.856 | C2: =AVERAGEIF(EHR_Export[Department Full Name],Dashboard_Calculator!A2,EHR_Export[Treatment Time (min)]) -> 43.616 | D2: =AVERAGEIF(EHR_Export[Department Full Name],Dashboard_Calculator!A2,EHR_Export[Satisfaction (1-5)]) -> 3.6214953 | E2: =D2-3.8 -> -0.17850467 | F2: =AVERAGEIFS(EHR_Export[Charge Amount],EHR_Export[Department Full Name],A2,EHR_Export[Charge Amount],"<>") -> 1763.0102 | G2: =_xlfn.XLOOKUP(Dashboard_Calculator!A2,Dept_Reference[Full Department Name],Dept_Reference[Standard Base Cost ($)]) -> 1800 | H2: =F2-G2 -> -36.989836 | I2: =COUNTIFS(EHR_Export[Department Full Name],Dashboard_Calculator!A2,EHR_Export[Readmitted 30d],"Yes")/COUNTIF(EHR_Export[Department Full Name],Dashboard_Calculator!A2) -> 0.088 | K2: Cardiology | L2: =AVERAGEIFS(EHR_Export[Wait Time (min)],EHR_Export[Department Full Name],Dashboard_Calculator!K2,EHR_Export[Shift Type],Dashboard_Calculator!L$1) -> 37.942308 | M2: =AVERAGEIFS(EHR_Export[Wait Time (min)],EHR_Export[Department Full Name],Dashboard_Calculator!K2,EHR_Export[Shift Type],M$1) -> 48.209677 | N2: =AVERAGEIFS(EHR_Export[Wait Time (min)],EHR_Export[Department Full Name],Dashboard_Calculator!K2,EHR_Export[Shift Type],N$1) -> 35.909091
A3: Emergency | B3: =AVERAGEIF(EHR_Export[Department Full Name], Dashboard_Calculator!A3, EHR_Export[Wait Time (min)]) -> 55.215873 | C3: =AVERAGEIF(EHR_Export[Department Full Name],Dashboard_Calculator!A3,EHR_Export[Treatment Time (min)]) -> 39.793651 | D3: =AVERAGEIF(EHR_Export[Department Full Name],Dashboard_Calculator!A3,EHR_Export[Satisfaction (1-5)]) -> 3.4729825 | E3: =D3-3.8 -> -0.32701754 | F3: =AVERAGEIFS(EHR_Export[Charge Amount],EHR_Export[Department Full Name],A3,EHR_Export[Charge Amount],"<>") -> 852.69323 | G3: =_xlfn.XLOOKUP(Dashboard_Calculator!A3,Dept_Reference[Full Department Name],Dept_Reference[Standard Base Cost ($)]) -> 850 | H3: =F3-G3 -> 2.6932258 | I3: =COUNTIFS(EHR_Export[Department Full Name],Dashboard_Calculator!A3,EHR_Export[Readmitted 30d],"Yes")/COUNTIF(EHR_Export[Department Full Name],Dashboard_Calculator!A3) -> 0.088888889 | K3: Emergency | L3: =AVERAGEIFS(EHR_Export[Wait Time (min)],EHR_Export[Department Full Name],Dashboard_Calculator!K3,EHR_Export[Shift Type],Dashboard_Calculator!L$1) -> 48.307692 | M3: =AVERAGEIFS(EHR_Export[Wait Time (min)],EHR_Export[Department Full Name],Dashboard_Calculator!K3,EHR_Export[Shift Type],M$1) -> 62.758389 | N3: =AVERAGEIFS(EHR_Export[Wait Time (min)],EHR_Export[Department Full Name],Dashboard_Calculator!K3,EHR_Export[Shift Type],N$1) -> 49.304348
A4: General Surgery | B4: =AVERAGEIF(EHR_Export[Department Full Name], Dashboard_Calculator!A4, EHR_Export[Wait Time (min)]) -> 69.574803 | C4: =AVERAGEIF(EHR_Export[Department Full Name],Dashboard_Calculator!A4,EHR_Export[Treatment Time (min)]) -> 89.401575 | D4: =AVERAGEIF(EHR_Export[Department Full Name],Dashboard_Calculator!A4,EHR_Export[Satisfaction (1-5)]) -> 3.2139344 | E4: =D4-3.8 -> -0.58606557 | F4: =AVERAGEIFS(EHR_Export[Charge Amount],EHR_Export[Department Full Name],A4,EHR_Export[Charge Amount],"<>") -> 3239.2171 | G4: =_xlfn.XLOOKUP(Dashboard_Calculator!A4,Dept_Reference[Full Department Name],Dept_Reference[Standard Base Cost ($)]) -> 3200 | H4: =F4-G4 -> 39.21712 | I4: =COUNTIFS(EHR_Export[Department Full Name],Dashboard_Calculator!A4,EHR_Export[Readmitted 30d],"Yes")/COUNTIF(EHR_Export[Department Full Name],Dashboard_Calculator!A4) -> 0.11023622 | K4: General Surgery | L4: =AVERAGEIFS(EHR_Export[Wait Time (min)],EHR_Export[Department Full Name],Dashboard_Calculator!K4,EHR_Export[Shift Type],Dashboard_Calculator!L$1) -> 58.431034 | M4: =AVERAGEIFS(EHR_Export[Wait Time (min)],EHR_Export[Department Full Name],Dashboard_Calculator!K4,EHR_Export[Shift Type],M$1) -> 81.40678 | N4: =AVERAGEIFS(EHR_Export[Wait Time (min)],EHR_Export[Department Full Name],Dashboard_Calculator!K4,EHR_Export[Shift Type],N$1) -> 64.4
A5: Orthopedics | B5: =AVERAGEIF(EHR_Export[Department Full Name], Dashboard_Calculator!A5, EHR_Export[Wait Time (min)]) -> 64.09009 | C5: =AVERAGEIF(EHR_Export[Department Full Name],Dashboard_Calculator!A5,EHR_Export[Treatment Time (min)]) -> 40.252252 | D5: =AVERAGEIF(EHR_Export[Department Full Name],Dashboard_Calculator!A5,EHR_Export[Satisfaction (1-5)]) -> 3.3056604 | E5: =D5-3.8 -> -0.49433962 | F5: =AVERAGEIFS(EHR_Export[Charge Amount],EHR_Export[Department Full Name],A5,EHR_Export[Charge Amount],"<>") -> 1507.6381 | G5: =_xlfn.XLOOKUP(Dashboard_Calculator!A5,Dept_Reference[Full Department Name],Dept_Reference[Standard Base Cost ($)]) -> 1500 | H5: =F5-G5 -> 7.6381481 | I5: =COUNTIFS(EHR_Export[Department Full Name],Dashboard_Calculator!A5,EHR_Export[Readmitted 30d],"Yes")/COUNTIF(EHR_Export[Department Full Name],Dashboard_Calculator!A5) -> 0.09009009 | K5: Orthopedics | L5: =AVERAGEIFS(EHR_Export[Wait Time (min)],EHR_Export[Department Full Name],Dashboard_Calculator!K5,EHR_Export[Shift Type],Dashboard_Calculator!L$1) -> 52.521739 | M5: =AVERAGEIFS(EHR_Export[Wait Time (min)],EHR_Export[Department Full Name],Dashboard_Calculator!K5,EHR_Export[Shift Type],M$1) -> 76.351852 | N5: =AVERAGEIFS(EHR_Export[Wait Time (min)],EHR_Export[Department Full Name],Dashboard_Calculator!K5,EHR_Export[Shift Type],N$1) -> 52.272727
A6: Pediatrics | B6: =AVERAGEIF(EHR_Export[Department Full Name], Dashboard_Calculator!A6, EHR_Export[Wait Time (min)]) -> 38.333333 | C6: =AVERAGEIF(EHR_Export[Department Full Name],Dashboard_Calculator!A6,EHR_Export[Treatment Time (min)]) -> 40.963768 | D6: =AVERAGEIF(EHR_Export[Department Full Name],Dashboard_Calculator!A6,EHR_Export[Satisfaction (1-5)]) -> 3.7697674 | E6: =D6-3.8 -> -0.030232558 | F6: =AVERAGEIFS(EHR_Export[Charge Amount],EHR_Export[Department Full Name],A6,EHR_Export[Charge Amount],"<>") -> 697.87679 | G6: =_xlfn.XLOOKUP(Dashboard_Calculator!A6,Dept_Reference[Full Department Name],Dept_Reference[Standard Base Cost ($)]) -> 700 | H6: =F6-G6 -> -2.1232117 | I6: =COUNTIFS(EHR_Export[Department Full Name],Dashboard_Calculator!A6,EHR_Export[Readmitted 30d],"Yes")/COUNTIF(EHR_Export[Department Full Name],Dashboard_Calculator!A6) -> 0.12318841 | K6: Pediatrics | L6: =AVERAGEIFS(EHR_Export[Wait Time (min)],EHR_Export[Department Full Name],Dashboard_Calculator!K6,EHR_Export[Shift Type],Dashboard_Calculator!L$1) -> 33.824561 | M6: =AVERAGEIFS(EHR_Export[Wait Time (min)],EHR_Export[Department Full Name],Dashboard_Calculator!K6,EHR_Export[Shift Type],M$1) -> 43.149254 | N6: =AVERAGEIFS(EHR_Export[Wait Time (min)],EHR_Export[Department Full Name],Dashboard_Calculator!K6,EHR_Export[Shift Type],N$1) -> 33.642857
J8: Staffing | K8: Department | L8: Day | M8: Evening | N8: Night
K9: Cardiology | L9: =AVERAGEIFS(EHR_Export[Staff on Duty],EHR_Export[Department Full Name],Dashboard_Calculator!K9,EHR_Export[Shift Type],Dashboard_Calculator!L$8) -> 5.6923077 | M9: =AVERAGEIFS(EHR_Export[Staff on Duty],EHR_Export[Department Full Name],Dashboard_Calculator!K9,EHR_Export[Shift Type],Dashboard_Calculator!M$8) -> 4.8870968 | N9: =AVERAGEIFS(EHR_Export[Staff on Duty],EHR_Export[Department Full Name],Dashboard_Calculator!K9,EHR_Export[Shift Type],N$8) -> 3.5454545
A10: Overall Avg Satisfaction | B10: =AVERAGE(EHR_Export[Satisfaction (1-5)]) -> 3.4794393 | K10: Emergency | L10: =AVERAGEIFS(EHR_Export[Staff on Duty],EHR_Export[Department Full Name],Dashboard_Calculator!K10,EHR_Export[Shift Type],Dashboard_Calculator!L$8) -> 6.3706294 | M10: =AVERAGEIFS(EHR_Export[Staff on Duty],EHR_Export[Department Full Name],Dashboard_Calculator!K10,EHR_Export[Shift Type],Dashboard_Calculator!M$8) -> 9.5033557 | N10: =AVERAGEIFS(EHR_Export[Staff on Duty],EHR_Export[Department Full Name],Dashboard_Calculator!K10,EHR_Export[Shift Type],N$8) -> 5.2608696
A11: Overall Avg Wait time (min) | B11: =AVERAGE(EHR_Export[Wait Time (min)]) -> 53.909314 | K11: General Surgery | L11: =AVERAGEIFS(EHR_Export[Staff on Duty],EHR_Export[Department Full Name],Dashboard_Calculator!K11,EHR_Export[Shift Type],Dashboard_Calculator!L$8) -> 8.8275862 | M11: =AVERAGEIFS(EHR_Export[Staff on Duty],EHR_Export[Department Full Name],Dashboard_Calculator!K11,EHR_Export[Shift Type],Dashboard_Calculator!M$8) -> 5.5932203 | N11: =AVERAGEIFS(EHR_Export[Staff on Duty],EHR_Export[Department Full Name],Dashboard_Calculator!K11,EHR_Export[Shift Type],N$8) -> 2.3
A12: Overall Readmission Rate | B12: =COUNTIF(EHR_Export[Readmitted 30d], "Yes")/COUNTA(EHR_Export[Readmitted 30d]) -> 0.10075567 | K12: Orthopedics | L12: =AVERAGEIFS(EHR_Export[Staff on Duty],EHR_Export[Department Full Name],Dashboard_Calculator!K12,EHR_Export[Shift Type],Dashboard_Calculator!L$8) -> 5.1956522 | M12: =AVERAGEIFS(EHR_Export[Staff on Duty],EHR_Export[Department Full Name],Dashboard_Calculator!K12,EHR_Export[Shift Type],Dashboard_Calculator!M$8) -> 5 | N12: =AVERAGEIFS(EHR_Export[Staff on Duty],EHR_Export[Department Full Name],Dashboard_Calculator!K12,EHR_Export[Shift Type],N$8) -> 2.6363636
A13: Avg Charge vs Base | B13: =AVERAGE(H2:H6) -> 2.0870892 | K13: Pediatrics | L13: =AVERAGEIFS(EHR_Export[Staff on Duty],EHR_Export[Department Full Name],Dashboard_Calculator!K13,EHR_Export[Shift Type],Dashboard_Calculator!L$8) -> 5.7719298 | M13: =AVERAGEIFS(EHR_Export[Staff on Duty],EHR_Export[Department Full Name],Dashboard_Calculator!K13,EHR_Export[Shift Type],Dashboard_Calculator!M$8) -> 4.5373134 | N13: =AVERAGEIFS(EHR_Export[Staff on Duty],EHR_Export[Department Full Name],Dashboard_Calculator!K13,EHR_Export[Shift Type],N$8) -> 2.5
J15: Visits | K15: Department | L15: Day | M15: Evening | N15: Night
A16: Treatment Time vs Satisfaction Score (Combo Chart) | E16: Wait Time vs Satisfaction Score (Scatterplot) | K16: Cardiology | L16: =COUNTIFS(EHR_Export[Shift Type],Dashboard_Calculator!L$15,EHR_Export[Department Full Name],Dashboard_Calculator!$K16) -> 52 | M16: =COUNTIFS(EHR_Export[Shift Type],Dashboard_Calculator!M$15,EHR_Export[Department Full Name],Dashboard_Calculator!$K16) -> 62 | N16: =COUNTIFS(EHR_Export[Shift Type],Dashboard_Calculator!N$15,EHR_Export[Department Full Name],Dashboard_Calculator!$K16) -> 11
A17: Row Labels | B17: Average of Treatment Time (min) | C17: Average of Satisfaction (1-5) | E17: CARD (Day) | F17: 37.942308 | G17: 3.7227273 | K17: Emergency | L17: =COUNTIFS(EHR_Export[Shift Type],Dashboard_Calculator!L$15,EHR_Export[Department Full Name],Dashboard_Calculator!$K17) -> 143 | M17: =COUNTIFS(EHR_Export[Shift Type],Dashboard_Calculator!M$15,EHR_Export[Department Full Name],Dashboard_Calculator!$K17) -> 149 | N17: =COUNTIFS(EHR_Export[Shift Type],Dashboard_Calculator!N$15,EHR_Export[Department Full Name],Dashboard_Calculator!$K17) -> 23
A18: CARD | E18: CARD (Evening) | F18: 48.209677 | G18: 3.4581818 | K18: General Surgery | L18: =COUNTIFS(EHR_Export[Shift Type],Dashboard_Calculator!L$15,EHR_Export[Department Full Name],Dashboard_Calculator!$K18) -> 58 | M18: =COUNTIFS(EHR_Export[Shift Type],Dashboard_Calculator!M$15,EHR_Export[Department Full Name],Dashboard_Calculator!$K18) -> 59 | N18: =COUNTIFS(EHR_Export[Shift Type],Dashboard_Calculator!N$15,EHR_Export[Department Full Name],Dashboard_Calculator!$K18) -> 10
A19: Day | B19: 43.403846 | C19: 3.7227273 | E19: CARD (Night) | F19: 35.909091 | G19: 4.1875 | K19: Orthopedics | L19: =COUNTIFS(EHR_Export[Shift Type],Dashboard_Calculator!L$15,EHR_Export[Department Full Name],Dashboard_Calculator!$K19) -> 46 | M19: =COUNTIFS(EHR_Export[Shift Type],Dashboard_Calculator!M$15,EHR_Export[Department Full Name],Dashboard_Calculator!$K19) -> 54 | N19: =COUNTIFS(EHR_Export[Shift Type],Dashboard_Calculator!N$15,EHR_Export[Department Full Name],Dashboard_Calculator!$K19) -> 11
A20: Evening | B20: 43.467742 | C20: 3.4581818 | E20: ER (Day) | F20: 48.307692 | G20: 3.5333333 | K20: Pediatrics | L20: =COUNTIFS(EHR_Export[Shift Type],Dashboard_Calculator!L$15,EHR_Export[Department Full Name],Dashboard_Calculator!$K20) -> 57 | M20: =COUNTIFS(EHR_Export[Shift Type],Dashboard_Calculator!M$15,EHR_Export[Department Full Name],Dashboard_Calculator!$K20) -> 67 | N20: =COUNTIFS(EHR_Export[Shift Type],Dashboard_Calculator!N$15,EHR_Export[Department Full Name],Dashboard_Calculator!$K20) -> 14
A21: Night | B21: 45.454545 | C21: 4.1875 | E21: ER (Evening) | F21: 62.758389 | G21: 3.3962406
A22: ER | E22: ER (Night) | F22: 49.304348 | G22: 3.5782609
A23: Day | B23: 37.244755 | C23: 3.5333333 | E23: ORTH (Day) | F23: 52.521739 | G23: 3.2930233
A24: Evening | B24: 42.268456 | C24: 3.3962406 | E24: ORTH (Evening) | F24: 76.351852 | G24: 3.2634615
A25: Night | B25: 39.608696 | C25: 3.5782609 | E25: ORTH (Night) | F25: 52.272727 | G25: 3.5545455
A26: ORTH | E26: PEDS (Day) | F26: 33.824561 | G26: 3.8425926
A27: Day | B27: 37.782609 | C27: 3.2930233 | E27: PEDS (Evening) | F27: 43.149254 | G27: 3.7032787
A28: Evening | B28: 41.62963 | C28: 3.2634615 | E28: PEDS (Night) | F28: 33.642857 | G28: 3.7785714
A29: Night | B29: 43.818182 | C29: 3.5545455 | E29: SURG (Day) | F29: 58.431034 | G29: 3.425
A30: PEDS | E30: SURG (Evening) | F30: 81.40678 | G30: 2.9553571
A31: Day | B31: 40.666667 | C31: 3.8425926 | E31: SURG (Night) | F31: 64.4 | G31: 3.48
A32: Evening | B32: 41.716418 | C32: 3.7032787
A33: Night | B33: 38.571429 | C33: 3.7785714
A34: SURG
A35: Day | B35: 90.155172 | C35: 3.425
A36: Evening | B36: 88.525424 | C36: 2.9553571
A37: Night | B37: 90.2 | C37: 3.48
A38: Grand Total | B38: 48.360294 | C38: 3.4794393

Sheet Dashboard
A1: Patient Satisfaction and Hospital Cost Performance (Q1 2026)
D29: Department Performance Summary
D32: Department | F32: Average Wait Time (min) | I32: Average Treatment Time (min) | L32: Average Satisfaction | O32: Versus 3.8 Target | Q32: Average Charge | S32: Average Base Cost | U32: Over/Under Base Cost | Y32: Readmission Rate
D33: =Dashboard_Calculator!A2 -> Cardiology | F33: =Dashboard_Calculator!B2 -> 42.856 | I33: =Dashboard_Calculator!C2 -> 43.616 | L33: =Dashboard_Calculator!D2 -> 3.6214953 | O33: =Dashboard_Calculator!E2 -> -0.17850467 | Q33: =Dashboard_Calculator!F2 -> 1763.0102 | S33: =Dashboard_Calculator!G2 -> 1800 | U33: =Dashboard_Calculator!H2 -> -36.989836 | Y33: =Dashboard_Calculator!I2 -> 0.088
D34: =Dashboard_Calculator!A3 -> Emergency | F34: =Dashboard_Calculator!B3 -> 55.215873 | I34: =Dashboard_Calculator!C3 -> 39.793651 | L34: =Dashboard_Calculator!D3 -> 3.4729825 | O34: =Dashboard_Calculator!E3 -> -0.32701754 | Q34: =Dashboard_Calculator!F3 -> 852.69323 | S34: =Dashboard_Calculator!G3 -> 850 | U34: =Dashboard_Calculator!H3 -> 2.6932258 | Y34: =Dashboard_Calculator!I3 -> 0.088888889
D35: =Dashboard_Calculator!A4 -> General Surgery | F35: =Dashboard_Calculator!B4 -> 69.574803 | I35: =Dashboard_Calculator!C4 -> 89.401575 | L35: =Dashboard_Calculator!D4 -> 3.2139344 | O35: =Dashboard_Calculator!E4 -> -0.58606557 | Q35: =Dashboard_Calculator!F4 -> 3239.2171 | S35: =Dashboard_Calculator!G4 -> 3200 | U35: =Dashboard_Calculator!H4 -> 39.21712 | Y35: =Dashboard_Calculator!I4 -> 0.11023622
D36: =Dashboard_Calculator!A5 -> Orthopedics | F36: =Dashboard_Calculator!B5 -> 64.09009 | I36: =Dashboard_Calculator!C5 -> 40.252252 | L36: =Dashboard_Calculator!D5 -> 3.3056604 | O36: =Dashboard_Calculator!E5 -> -0.49433962 | Q36: =Dashboard_Calculator!F5 -> 1507.6381 | S36: =Dashboard_Calculator!G5 -> 1500 | U36: =Dashboard_Calculator!H5 -> 7.6381481 | Y36: =Dashboard_Calculator!I5 -> 0.09009009
D37: =Dashboard_Calculator!A6 -> Pediatrics | F37: =Dashboard_Calculator!B6 -> 38.333333 | I37: =Dashboard_Calculator!C6 -> 40.963768 | L37: =Dashboard_Calculator!D6 -> 3.7697674 | O37: =Dashboard_Calculator!E6 -> -0.030232558 | Q37: =Dashboard_Calculator!F6 -> 697.87679 | S37: =Dashboard_Calculator!G6 -> 700 | U37: =Dashboard_Calculator!H6 -> -2.1232117 | Y37: =Dashboard_Calculator!I6 -> 0.12318841
